# This file uses centimeters as units for non-parametric coordinates.

mtllib Puzzle_1.mtl
g default
v -0.500000 0.965933 2.419007
v 0.500000 0.965933 2.419007
v -0.500000 1.965933 2.419007
v 0.500000 1.965933 2.419007
v -0.500000 1.965933 -2.583607
v 0.500000 1.965933 -2.583607
v -0.500000 0.965933 -2.583607
v 0.500000 0.965933 -2.583607
vt 0.375000 0.000000
vt 0.625000 0.000000
vt 0.375000 0.250000
vt 0.625000 0.250000
vt 0.375000 0.500000
vt 0.625000 0.500000
vt 0.375000 0.750000
vt 0.625000 0.750000
vt 0.375000 1.000000
vt 0.625000 1.000000
vt 0.875000 0.000000
vt 0.875000 0.250000
vt 0.125000 0.000000
vt 0.125000 0.250000
vn 0.000000 0.000000 1.000000
vn 0.000000 0.000000 1.000000
vn 0.000000 0.000000 1.000000
vn 0.000000 0.000000 1.000000
vn 0.000000 1.000000 0.000000
vn 0.000000 1.000000 0.000000
vn 0.000000 1.000000 0.000000
vn 0.000000 1.000000 0.000000
vn 0.000000 0.000000 -1.000000
vn 0.000000 0.000000 -1.000000
vn 0.000000 0.000000 -1.000000
vn 0.000000 0.000000 -1.000000
vn 0.000000 -1.000000 0.000000
vn 0.000000 -1.000000 0.000000
vn 0.000000 -1.000000 0.000000
vn 0.000000 -1.000000 0.000000
vn 1.000000 0.000000 0.000000
vn 1.000000 0.000000 0.000000
vn 1.000000 0.000000 0.000000
vn 1.000000 0.000000 0.000000
vn -1.000000 0.000000 0.000000
vn -1.000000 0.000000 0.000000
vn -1.000000 0.000000 0.000000
vn -1.000000 0.000000 0.000000
s off
g Barra
usemtl initialShadingGroup
f 1/1/1 2/2/2 4/4/3 3/3/4
f 3/3/5 4/4/6 6/6/7 5/5/8
f 5/5/9 6/6/10 8/8/11 7/7/12
f 7/7/13 8/8/14 2/10/15 1/9/16
f 2/2/17 8/11/18 6/12/19 4/4/20
f 7/13/21 1/1/22 3/3/23 5/14/24
g default
v -0.420260 1.261730 2.171684
v 0.420260 1.261730 2.171684
v -0.420260 2.261730 2.171684
v 0.420260 2.261730 2.171684
v -0.420260 2.261730 1.171684
v 0.420260 2.261730 1.171684
v -0.420260 1.261730 1.171684
v 0.420260 1.261730 1.171684
vt 0.375000 0.000000
vt 0.625000 0.000000
vt 0.375000 0.250000
vt 0.625000 0.250000
vt 0.375000 0.500000
vt 0.625000 0.500000
vt 0.375000 0.750000
vt 0.625000 0.750000
vt 0.375000 1.000000
vt 0.625000 1.000000
vt 0.875000 0.000000
vt 0.875000 0.250000
vt 0.125000 0.000000
vt 0.125000 0.250000
vn 0.000000 0.000000 1.000000
vn 0.000000 0.000000 1.000000
vn 0.000000 0.000000 1.000000
vn 0.000000 0.000000 1.000000
vn 0.000000 1.000000 0.000000
vn 0.000000 1.000000 0.000000
vn 0.000000 1.000000 0.000000
vn 0.000000 1.000000 0.000000
vn 0.000000 0.000000 -1.000000
vn 0.000000 0.000000 -1.000000
vn 0.000000 0.000000 -1.000000
vn 0.000000 0.000000 -1.000000
vn 0.000000 -1.000000 0.000000
vn 0.000000 -1.000000 0.000000
vn 0.000000 -1.000000 0.000000
vn 0.000000 -1.000000 0.000000
vn 1.000000 0.000000 0.000000
vn 1.000000 0.000000 0.000000
vn 1.000000 0.000000 0.000000
vn 1.000000 0.000000 0.000000
vn -1.000000 0.000000 0.000000
vn -1.000000 0.000000 0.000000
vn -1.000000 0.000000 0.000000
vn -1.000000 0.000000 0.000000
s off
g Barra Botton_1
usemtl lambert1SG
f 9/15/25 10/16/26 12/18/27 11/17/28
f 11/17/29 12/18/30 14/20/31 13/19/32
f 13/19/33 14/20/34 16/22/35 15/21/36
f 15/21/37 16/22/38 10/24/39 9/23/40
f 10/16/41 16/25/42 14/26/43 12/18/44
f 15/27/45 9/15/46 11/17/47 13/28/48
g default
v -0.420500 1.262000 1.007733
v 0.420500 1.262000 1.007733
v -0.420500 2.262000 1.007733
v 0.420500 2.262000 1.007733
v -0.420500 2.262000 0.007733
v 0.420500 2.262000 0.007733
v -0.420500 1.262000 0.007733
v 0.420500 1.262000 0.007733
vt 0.375000 0.000000
vt 0.625000 0.000000
vt 0.375000 0.250000
vt 0.625000 0.250000
vt 0.375000 0.500000
vt 0.625000 0.500000
vt 0.375000 0.750000
vt 0.625000 0.750000
vt 0.375000 1.000000
vt 0.625000 1.000000
vt 0.875000 0.000000
vt 0.875000 0.250000
vt 0.125000 0.000000
vt 0.125000 0.250000
vn 0.000000 0.000000 1.000000
vn 0.000000 0.000000 1.000000
vn 0.000000 0.000000 1.000000
vn 0.000000 0.000000 1.000000
vn 0.000000 1.000000 0.000000
vn 0.000000 1.000000 0.000000
vn 0.000000 1.000000 0.000000
vn 0.000000 1.000000 0.000000
vn 0.000000 0.000000 -1.000000
vn 0.000000 0.000000 -1.000000
vn 0.000000 0.000000 -1.000000
vn 0.000000 0.000000 -1.000000
vn 0.000000 -1.000000 0.000000
vn 0.000000 -1.000000 0.000000
vn 0.000000 -1.000000 0.000000
vn 0.000000 -1.000000 0.000000
vn 1.000000 0.000000 0.000000
vn 1.000000 0.000000 0.000000
vn 1.000000 0.000000 0.000000
vn 1.000000 0.000000 0.000000
vn -1.000000 0.000000 0.000000
vn -1.000000 0.000000 0.000000
vn -1.000000 0.000000 0.000000
vn -1.000000 0.000000 0.000000
s off
g Barra Botton_2
usemtl lambert1SG
f 17/29/49 18/30/50 20/32/51 19/31/52
f 19/31/53 20/32/54 22/34/55 21/33/56
f 21/33/57 22/34/58 24/36/59 23/35/60
f 23/35/61 24/36/62 18/38/63 17/37/64
f 18/30/65 24/39/66 22/40/67 20/32/68
f 23/41/69 17/29/70 19/31/71 21/42/72
g default
v -0.420500 1.262000 -0.175818
v 0.420500 1.262000 -0.175818
v -0.420500 2.262000 -0.175818
v 0.420500 2.262000 -0.175818
v -0.420500 2.262000 -1.175818
v 0.420500 2.262000 -1.175818
v -0.420500 1.262000 -1.175818
v 0.420500 1.262000 -1.175818
vt 0.375000 0.000000
vt 0.625000 0.000000
vt 0.375000 0.250000
vt 0.625000 0.250000
vt 0.375000 0.500000
vt 0.625000 0.500000
vt 0.375000 0.750000
vt 0.625000 0.750000
vt 0.375000 1.000000
vt 0.625000 1.000000
vt 0.875000 0.000000
vt 0.875000 0.250000
vt 0.125000 0.000000
vt 0.125000 0.250000
vn 0.000000 0.000000 1.000000
vn 0.000000 0.000000 1.000000
vn 0.000000 0.000000 1.000000
vn 0.000000 0.000000 1.000000
vn 0.000000 1.000000 0.000000
vn 0.000000 1.000000 0.000000
vn 0.000000 1.000000 0.000000
vn 0.000000 1.000000 0.000000
vn 0.000000 0.000000 -1.000000
vn 0.000000 0.000000 -1.000000
vn 0.000000 0.000000 -1.000000
vn 0.000000 0.000000 -1.000000
vn 0.000000 -1.000000 0.000000
vn 0.000000 -1.000000 0.000000
vn 0.000000 -1.000000 0.000000
vn 0.000000 -1.000000 0.000000
vn 1.000000 0.000000 0.000000
vn 1.000000 0.000000 0.000000
vn 1.000000 0.000000 0.000000
vn 1.000000 0.000000 0.000000
vn -1.000000 0.000000 0.000000
vn -1.000000 0.000000 0.000000
vn -1.000000 0.000000 0.000000
vn -1.000000 0.000000 0.000000
s off
g Barra Botton_3
usemtl lambert1SG
f 25/43/73 26/44/74 28/46/75 27/45/76
f 27/45/77 28/46/78 30/48/79 29/47/80
f 29/47/81 30/48/82 32/50/83 31/49/84
f 31/49/85 32/50/86 26/52/87 25/51/88
f 26/44/89 32/53/90 30/54/91 28/46/92
f 31/55/93 25/43/94 27/45/95 29/56/96
g default
v -0.420500 1.262000 -1.420015
v 0.420500 1.262000 -1.420015
v -0.420500 2.262000 -1.420015
v 0.420500 2.262000 -1.420015
v -0.420500 2.262000 -2.420015
v 0.420500 2.262000 -2.420015
v -0.420500 1.262000 -2.420015
v 0.420500 1.262000 -2.420015
vt 0.375000 0.000000
vt 0.625000 0.000000
vt 0.375000 0.250000
vt 0.625000 0.250000
vt 0.375000 0.500000
vt 0.625000 0.500000
vt 0.375000 0.750000
vt 0.625000 0.750000
vt 0.375000 1.000000
vt 0.625000 1.000000
vt 0.875000 0.000000
vt 0.875000 0.250000
vt 0.125000 0.000000
vt 0.125000 0.250000
vn 0.000000 0.000000 1.000000
vn 0.000000 0.000000 1.000000
vn 0.000000 0.000000 1.000000
vn 0.000000 0.000000 1.000000
vn 0.000000 1.000000 0.000000
vn 0.000000 1.000000 0.000000
vn 0.000000 1.000000 0.000000
vn 0.000000 1.000000 0.000000
vn 0.000000 0.000000 -1.000000
vn 0.000000 0.000000 -1.000000
vn 0.000000 0.000000 -1.000000
vn 0.000000 0.000000 -1.000000
vn 0.000000 -1.000000 0.000000
vn 0.000000 -1.000000 0.000000
vn 0.000000 -1.000000 0.000000
vn 0.000000 -1.000000 0.000000
vn 1.000000 0.000000 0.000000
vn 1.000000 0.000000 0.000000
vn 1.000000 0.000000 0.000000
vn 1.000000 0.000000 0.000000
vn -1.000000 0.000000 0.000000
vn -1.000000 0.000000 0.000000
vn -1.000000 0.000000 0.000000
vn -1.000000 0.000000 0.000000
s off
g Barra Botton_4
usemtl lambert1SG
f 33/57/97 34/58/98 36/60/99 35/59/100
f 35/59/101 36/60/102 38/62/103 37/61/104
f 37/61/105 38/62/106 40/64/107 39/63/108
f 39/63/109 40/64/110 34/66/111 33/65/112
f 34/58/113 40/67/114 38/68/115 36/60/116
f 39/69/117 33/57/118 35/59/119 37/70/120
g default
v -0.332587 2.211059 1.607741
v -0.333258 2.211059 1.735945
v -0.332587 2.320806 1.607741
v -0.333258 2.320806 1.735945
v 0.393258 2.320806 1.601285
v 0.392587 2.320806 1.729489
v 0.393258 2.211059 1.601285
v 0.392587 2.211059 1.729489
vt 0.375000 0.000000
vt 0.625000 0.000000
vt 0.375000 0.250000
vt 0.625000 0.250000
vt 0.375000 0.500000
vt 0.625000 0.500000
vt 0.375000 0.750000
vt 0.625000 0.750000
vt 0.375000 1.000000
vt 0.625000 1.000000
vt 0.875000 0.000000
vt 0.875000 0.250000
vt 0.125000 0.000000
vt 0.125000 0.250000
vn -0.999986 0.000000 -0.005234
vn -0.999986 0.000000 -0.005234
vn -0.999986 0.000000 -0.005234
vn -0.999986 0.000000 -0.005234
vn 0.000000 1.000000 0.000000
vn 0.000000 1.000000 0.000000
vn 0.000000 1.000000 0.000000
vn 0.000000 1.000000 0.000000
vn 0.999986 0.000000 0.005234
vn 0.999986 0.000000 0.005234
vn 0.999986 0.000000 0.005234
vn 0.999986 0.000000 0.005234
vn 0.000000 -1.000000 0.000000
vn 0.000000 -1.000000 0.000000
vn 0.000000 -1.000000 0.000000
vn 0.000000 -1.000000 0.000000
vn 0.008894 0.000000 0.999960
vn 0.008894 0.000000 0.999960
vn 0.008894 0.000000 0.999960
vn 0.008894 0.000000 0.999960
vn -0.008894 0.000000 -0.999960
vn -0.008894 0.000000 -0.999960
vn -0.008894 0.000000 -0.999960
vn -0.008894 0.000000 -0.999960
s off
g Barra Mas_1
usemtl initialShadingGroup
f 41/71/121 42/72/122 44/74/123 43/73/124
f 43/73/125 44/74/126 46/76/127 45/75/128
f 45/75/129 46/76/130 48/78/131 47/77/132
f 47/77/133 48/78/134 42/80/135 41/79/136
f 42/72/137 48/81/138 46/82/139 44/74/140
f 47/83/141 41/71/142 43/73/143 45/84/144
g default
v -0.039797 2.214295 2.045616
v 0.088399 2.214295 2.045616
v -0.039797 2.324043 2.045616
v 0.088399 2.324043 2.045616
v -0.039797 2.324043 1.319758
v 0.088399 2.324043 1.319758
v -0.039797 2.214295 1.319758
v 0.088399 2.214295 1.319758
vt 0.375000 0.000000
vt 0.625000 0.000000
vt 0.375000 0.250000
vt 0.625000 0.250000
vt 0.375000 0.500000
vt 0.625000 0.500000
vt 0.375000 0.750000
vt 0.625000 0.750000
vt 0.375000 1.000000
vt 0.625000 1.000000
vt 0.875000 0.000000
vt 0.875000 0.250000
vt 0.125000 0.000000
vt 0.125000 0.250000
vn 0.000000 0.000000 1.000000
vn 0.000000 0.000000 1.000000
vn 0.000000 0.000000 1.000000
vn 0.000000 0.000000 1.000000
vn 0.000000 1.000000 0.000000
vn 0.000000 1.000000 0.000000
vn 0.000000 1.000000 0.000000
vn 0.000000 1.000000 0.000000
vn 0.000000 0.000000 -1.000000
vn 0.000000 0.000000 -1.000000
vn 0.000000 0.000000 -1.000000
vn 0.000000 0.000000 -1.000000
vn 0.000000 -1.000000 0.000000
vn 0.000000 -1.000000 0.000000
vn 0.000000 -1.000000 0.000000
vn 0.000000 -1.000000 0.000000
vn 1.000000 0.000000 0.000000
vn 1.000000 0.000000 0.000000
vn 1.000000 0.000000 0.000000
vn 1.000000 0.000000 0.000000
vn -1.000000 0.000000 0.000000
vn -1.000000 0.000000 0.000000
vn -1.000000 0.000000 0.000000
vn -1.000000 0.000000 0.000000
s off
g Barra Mas_2
usemtl initialShadingGroup
f 49/85/145 50/86/146 52/88/147 51/87/148
f 51/87/149 52/88/150 54/90/151 53/89/152
f 53/89/153 54/90/154 56/92/155 55/91/156
f 55/91/157 56/92/158 50/94/159 49/93/160
f 50/86/161 56/95/162 54/96/163 52/88/164
f 55/97/165 49/85/166 51/87/167 53/98/168
g default
v -0.039797 2.214295 0.883713
v 0.088399 2.214295 0.883713
v -0.039797 2.324043 0.883713
v 0.088399 2.324043 0.883713
v -0.039797 2.324043 0.157856
v 0.088399 2.324043 0.157856
v -0.039797 2.214295 0.157856
v 0.088399 2.214295 0.157856
vt 0.375000 0.000000
vt 0.625000 0.000000
vt 0.375000 0.250000
vt 0.625000 0.250000
vt 0.375000 0.500000
vt 0.625000 0.500000
vt 0.375000 0.750000
vt 0.625000 0.750000
vt 0.375000 1.000000
vt 0.625000 1.000000
vt 0.875000 0.000000
vt 0.875000 0.250000
vt 0.125000 0.000000
vt 0.125000 0.250000
vn 0.000000 0.000000 1.000000
vn 0.000000 0.000000 1.000000
vn 0.000000 0.000000 1.000000
vn 0.000000 0.000000 1.000000
vn 0.000000 1.000000 0.000000
vn 0.000000 1.000000 0.000000
vn 0.000000 1.000000 0.000000
vn 0.000000 1.000000 0.000000
vn 0.000000 0.000000 -1.000000
vn 0.000000 0.000000 -1.000000
vn 0.000000 0.000000 -1.000000
vn 0.000000 0.000000 -1.000000
vn 0.000000 -1.000000 0.000000
vn 0.000000 -1.000000 0.000000
vn 0.000000 -1.000000 0.000000
vn 0.000000 -1.000000 0.000000
vn 1.000000 0.000000 0.000000
vn 1.000000 0.000000 0.000000
vn 1.000000 0.000000 0.000000
vn 1.000000 0.000000 0.000000
vn -1.000000 0.000000 0.000000
vn -1.000000 0.000000 0.000000
vn -1.000000 0.000000 0.000000
vn -1.000000 0.000000 0.000000
s off
g Barra Menos
usemtl initialShadingGroup
f 57/99/169 58/100/170 60/102/171 59/101/172
f 59/101/173 60/102/174 62/104/175 61/103/176
f 61/103/177 62/104/178 64/106/179 63/105/180
f 63/105/181 64/106/182 58/108/183 57/107/184
f 58/100/185 64/109/186 62/110/187 60/102/188
f 63/111/189 57/99/190 59/101/191 61/112/192
g default
v -0.177644 2.214295 -0.982647
v -0.269036 2.214295 -0.892749
v -0.177644 2.324043 -0.982647
v -0.269036 2.324043 -0.892749
v 0.331368 2.324043 -0.465177
v 0.239977 2.324043 -0.375279
v 0.331368 2.214295 -0.465177
v 0.239977 2.214295 -0.375279
vt 0.375000 0.000000
vt 0.625000 0.000000
vt 0.375000 0.250000
vt 0.625000 0.250000
vt 0.375000 0.500000
vt 0.625000 0.500000
vt 0.375000 0.750000
vt 0.625000 0.750000
vt 0.375000 1.000000
vt 0.625000 1.000000
vt 0.875000 0.000000
vt 0.875000 0.250000
vt 0.125000 0.000000
vt 0.125000 0.250000
vn -0.701257 0.000000 -0.712909
vn -0.701257 0.000000 -0.712909
vn -0.701257 0.000000 -0.712909
vn -0.701257 0.000000 -0.712909
vn -0.000000 1.000000 0.000000
vn -0.000000 1.000000 0.000000
vn -0.000000 1.000000 0.000000
vn -0.000000 1.000000 0.000000
vn 0.701257 0.000000 0.712909
vn 0.701257 0.000000 0.712909
vn 0.701257 0.000000 0.712909
vn 0.701257 0.000000 0.712909
vn 0.000000 -1.000000 0.000000
vn 0.000000 -1.000000 0.000000
vn 0.000000 -1.000000 0.000000
vn 0.000000 -1.000000 0.000000
vn -0.712909 0.000000 0.701257
vn -0.712909 0.000000 0.701257
vn -0.712909 0.000000 0.701257
vn -0.712909 0.000000 0.701257
vn 0.712909 0.000000 -0.701257
vn 0.712909 0.000000 -0.701257
vn 0.712909 0.000000 -0.701257
vn 0.712909 0.000000 -0.701257
s off
g Barra Multiplicar_1
usemtl initialShadingGroup
f 65/113/193 66/114/194 68/116/195 67/115/196
f 67/115/197 68/116/198 70/118/199 69/117/200
f 69/117/201 70/118/202 72/120/203 71/119/204
f 71/119/205 72/120/206 66/122/207 65/121/208
f 66/114/209 72/123/210 70/124/211 68/116/212
f 71/125/213 65/113/214 67/115/215 69/126/216
g default
v -0.275771 2.211059 -0.464782
v -0.185231 2.211059 -0.376740
v -0.275771 2.320806 -0.464782
v -0.185231 2.320806 -0.376740
v 0.233833 2.320806 -0.988487
v 0.324374 2.320806 -0.900445
v 0.233833 2.211059 -0.988487
v 0.324374 2.211059 -0.900445
vt 0.375000 0.000000
vt 0.625000 0.000000
vt 0.375000 0.250000
vt 0.625000 0.250000
vt 0.375000 0.500000
vt 0.625000 0.500000
vt 0.375000 0.750000
vt 0.625000 0.750000
vt 0.375000 1.000000
vt 0.625000 1.000000
vt 0.875000 0.000000
vt 0.875000 0.250000
vt 0.125000 0.000000
vt 0.125000 0.250000
vn -0.697147 0.000000 0.716928
vn -0.697147 0.000000 0.716928
vn -0.697147 0.000000 0.716928
vn -0.697147 0.000000 0.716928
vn 0.000000 1.000000 0.000000
vn 0.000000 1.000000 0.000000
vn 0.000000 1.000000 0.000000
vn 0.000000 1.000000 0.000000
vn 0.697147 0.000000 -0.716928
vn 0.697147 0.000000 -0.716928
vn 0.697147 0.000000 -0.716928
vn 0.697147 0.000000 -0.716928
vn 0.000000 -1.000000 0.000000
vn 0.000000 -1.000000 0.000000
vn 0.000000 -1.000000 0.000000
vn 0.000000 -1.000000 0.000000
vn 0.716690 0.000000 0.697392
vn 0.716690 0.000000 0.697392
vn 0.716690 0.000000 0.697392
vn 0.716690 0.000000 0.697392
vn -0.716690 0.000000 -0.697392
vn -0.716690 0.000000 -0.697392
vn -0.716690 0.000000 -0.697392
vn -0.716690 0.000000 -0.697392
s off
g Barra Multiplicar_2
usemtl initialShadingGroup
f 73/127/217 74/128/218 76/130/219 75/129/220
f 75/129/221 76/130/222 78/132/223 77/131/224
f 77/131/225 78/132/226 80/134/227 79/133/228
f 79/133/229 80/134/230 74/136/231 73/135/232
f 74/128/233 80/137/234 78/138/235 76/130/236
f 79/139/237 73/127/238 75/129/239 77/140/240
g default
v -0.039797 2.214295 -1.567775
v 0.088399 2.214295 -1.567775
v -0.039797 2.324043 -1.567775
v 0.088399 2.324043 -1.567775
v -0.039797 2.324043 -2.293633
v 0.088399 2.324043 -2.293633
v -0.039797 2.214295 -2.293633
v 0.088399 2.214295 -2.293633
vt 0.375000 0.000000
vt 0.625000 0.000000
vt 0.375000 0.250000
vt 0.625000 0.250000
vt 0.375000 0.500000
vt 0.625000 0.500000
vt 0.375000 0.750000
vt 0.625000 0.750000
vt 0.375000 1.000000
vt 0.625000 1.000000
vt 0.875000 0.000000
vt 0.875000 0.250000
vt 0.125000 0.000000
vt 0.125000 0.250000
vn 0.000000 0.000000 1.000000
vn 0.000000 0.000000 1.000000
vn 0.000000 0.000000 1.000000
vn 0.000000 0.000000 1.000000
vn 0.000000 1.000000 0.000000
vn 0.000000 1.000000 0.000000
vn 0.000000 1.000000 0.000000
vn 0.000000 1.000000 0.000000
vn 0.000000 0.000000 -1.000000
vn 0.000000 0.000000 -1.000000
vn 0.000000 0.000000 -1.000000
vn 0.000000 0.000000 -1.000000
vn 0.000000 -1.000000 0.000000
vn 0.000000 -1.000000 0.000000
vn 0.000000 -1.000000 0.000000
vn 0.000000 -1.000000 0.000000
vn 1.000000 0.000000 0.000000
vn 1.000000 0.000000 0.000000
vn 1.000000 0.000000 0.000000
vn 1.000000 0.000000 0.000000
vn -1.000000 0.000000 0.000000
vn -1.000000 0.000000 0.000000
vn -1.000000 0.000000 0.000000
vn -1.000000 0.000000 0.000000
s off
g Barra Division_1
usemtl initialShadingGroup
f 81/141/241 82/142/242 84/144/243 83/143/244
f 83/143/245 84/144/246 86/146/247 85/145/248
f 85/145/249 86/146/250 88/148/251 87/147/252
f 87/147/253 88/148/254 82/150/255 81/149/256
f 82/142/257 88/151/258 86/152/259 84/144/260
f 87/153/261 81/141/262 83/143/263 85/154/264
g default
v -0.193209 2.084147 -1.931218
v -0.196441 2.084147 -1.937454
v -0.201475 2.084147 -1.942403
v -0.207819 2.084147 -1.945581
v -0.214851 2.084147 -1.946676
v -0.221882 2.084147 -1.945581
v -0.228226 2.084147 -1.942403
v -0.233260 2.084147 -1.937454
v -0.236493 2.084147 -1.931218
v -0.237606 2.084147 -1.924305
v -0.236493 2.084147 -1.917391
v -0.233260 2.084147 -1.911155
v -0.228226 2.084147 -1.906206
v -0.221882 2.084147 -1.903028
v -0.214851 2.084147 -1.901933
v -0.207819 2.084147 -1.903028
v -0.201475 2.084147 -1.906206
v -0.196441 2.084147 -1.911155
v -0.193209 2.084147 -1.917391
v -0.192095 2.084147 -1.924305
v -0.172099 2.089101 -1.937961
v -0.178484 2.089101 -1.950280
v -0.188429 2.089101 -1.960057
v -0.200960 2.089101 -1.966334
v -0.214851 2.089101 -1.968497
v -0.228741 2.089101 -1.966334
v -0.241272 2.089101 -1.960057
v -0.251217 2.089101 -1.950280
v -0.257602 2.089101 -1.937961
v -0.259802 2.089101 -1.924305
v -0.257602 2.089101 -1.910648
v -0.251217 2.089101 -1.898329
v -0.241272 2.089101 -1.888552
v -0.228741 2.089101 -1.882275
v -0.214851 2.089101 -1.880113
v -0.200960 2.089101 -1.882275
v -0.188429 2.089101 -1.888552
v -0.178484 2.089101 -1.898329
v -0.172099 2.089101 -1.910648
v -0.169899 2.089101 -1.924305
v -0.152043 2.097223 -1.944367
v -0.161423 2.097223 -1.962466
v -0.176033 2.097223 -1.976830
v -0.194443 2.097223 -1.986051
v -0.214851 2.097223 -1.989229
v -0.235258 2.097223 -1.986051
v -0.253668 2.097223 -1.976830
v -0.268278 2.097223 -1.962466
v -0.277658 2.097223 -1.944367
v -0.280890 2.097223 -1.924305
v -0.277658 2.097223 -1.904242
v -0.268278 2.097223 -1.886143
v -0.253668 2.097223 -1.871780
v -0.235258 2.097223 -1.862558
v -0.214851 2.097223 -1.859380
v -0.194443 2.097223 -1.862558
v -0.176033 2.097223 -1.871780
v -0.161423 2.097223 -1.886143
v -0.152043 2.097223 -1.904242
v -0.148811 2.097223 -1.924305
v -0.133533 2.108311 -1.950280
v -0.145678 2.108311 -1.973713
v -0.164594 2.108311 -1.992309
v -0.188429 2.108311 -2.004249
v -0.214851 2.108311 -2.008363
v -0.241272 2.108311 -2.004249
v -0.265108 2.108311 -1.992309
v -0.284023 2.108311 -1.973713
v -0.296168 2.108311 -1.950280
v -0.300353 2.108311 -1.924305
v -0.296168 2.108311 -1.898329
v -0.284023 2.108311 -1.874896
v -0.265108 2.108311 -1.856300
v -0.241272 2.108311 -1.844360
v -0.214851 2.108311 -1.840246
v -0.188429 2.108311 -1.844360
v -0.164594 2.108311 -1.856300
v -0.145678 2.108311 -1.874896
v -0.133533 2.108311 -1.898329
v -0.129348 2.108311 -1.924305
v -0.117025 2.122094 -1.955553
v -0.131635 2.122094 -1.983743
v -0.154391 2.122094 -2.006114
v -0.183065 2.122094 -2.020478
v -0.214851 2.122094 -2.025427
v -0.246636 2.122094 -2.020478
v -0.275310 2.122094 -2.006114
v -0.298066 2.122094 -1.983743
v -0.312676 2.122094 -1.955553
v -0.317710 2.122094 -1.924305
v -0.312676 2.122094 -1.893056
v -0.298066 2.122094 -1.864866
v -0.275310 2.122094 -1.842495
v -0.246636 2.122094 -1.828132
v -0.214851 2.122094 -1.823182
v -0.183065 2.122094 -1.828132
v -0.154391 2.122094 -1.842495
v -0.131636 2.122094 -1.864866
v -0.117025 2.122094 -1.893056
v -0.111991 2.122094 -1.924305
v -0.102927 2.138231 -1.960057
v -0.119642 2.138231 -1.992309
v -0.145678 2.138231 -2.017905
v -0.178484 2.138231 -2.034338
v -0.214851 2.138231 -2.040001
v -0.251217 2.138231 -2.034338
v -0.284023 2.138231 -2.017905
v -0.310059 2.138231 -1.992309
v -0.326775 2.138231 -1.960057
v -0.332534 2.138231 -1.924305
v -0.326775 2.138231 -1.888552
v -0.310059 2.138231 -1.856300
v -0.284023 2.138231 -1.830704
v -0.251217 2.138231 -1.814271
v -0.214851 2.138231 -1.808608
v -0.178484 2.138231 -1.814271
v -0.145678 2.138231 -1.830704
v -0.119642 2.138231 -1.856300
v -0.102927 2.138231 -1.888552
v -0.097167 2.138231 -1.924305
v -0.091584 2.156326 -1.963680
v -0.109993 2.156326 -1.999201
v -0.138667 2.156326 -2.027391
v -0.174799 2.156326 -2.045490
v -0.214851 2.156326 -2.051726
v -0.254902 2.156326 -2.045490
v -0.291034 2.156326 -2.027391
v -0.319708 2.156326 -1.999201
v -0.338117 2.156326 -1.963680
v -0.344461 2.156326 -1.924305
v -0.338117 2.156326 -1.884929
v -0.319708 2.156326 -1.849408
v -0.291034 2.156326 -1.821218
v -0.254902 2.156326 -1.803120
v -0.214851 2.156326 -1.796883
v -0.174799 2.156326 -1.803120
v -0.138667 2.156326 -1.821218
v -0.109994 2.156326 -1.849408
v -0.091584 2.156326 -1.884929
v -0.085240 2.156326 -1.924305
v -0.083276 2.175933 -1.966334
v -0.102927 2.175933 -2.004249
v -0.133533 2.175933 -2.034338
v -0.172099 2.175933 -2.053657
v -0.214851 2.175933 -2.060314
v -0.257602 2.175933 -2.053657
v -0.296168 2.175933 -2.034338
v -0.326775 2.175933 -2.004249
v -0.346425 2.175933 -1.966334
v -0.353196 2.175933 -1.924305
v -0.346425 2.175933 -1.882275
v -0.326775 2.175933 -1.844360
v -0.296168 2.175933 -1.814271
v -0.257602 2.175933 -1.794952
v -0.214851 2.175933 -1.788295
v -0.172099 2.175933 -1.794952
v -0.133533 2.175933 -1.814271
v -0.102927 2.175933 -1.844360
v -0.083276 2.175933 -1.882275
v -0.076505 2.175933 -1.924305
v -0.078208 2.196569 -1.967953
v -0.098616 2.196569 -2.007328
v -0.130401 2.196569 -2.038576
v -0.170453 2.196569 -2.058639
v -0.214851 2.196569 -2.065552
v -0.259248 2.196569 -2.058639
v -0.299300 2.196569 -2.038576
v -0.331086 2.196569 -2.007328
v -0.351493 2.196569 -1.967953
v -0.358525 2.196569 -1.924305
v -0.351493 2.196569 -1.880657
v -0.331085 2.196569 -1.841281
v -0.299300 2.196569 -1.810033
v -0.259248 2.196569 -1.789970
v -0.214851 2.196569 -1.783057
v -0.170453 2.196569 -1.789970
v -0.130401 2.196569 -1.810033
v -0.098616 2.196569 -1.841281
v -0.078208 2.196569 -1.880657
v -0.071176 2.196569 -1.924305
v -0.076505 2.217726 -1.968497
v -0.097167 2.217726 -2.008363
v -0.129348 2.217726 -2.040001
v -0.169899 2.217726 -2.060314
v -0.214851 2.217726 -2.067313
v -0.259802 2.217726 -2.060314
v -0.300353 2.217726 -2.040001
v -0.332534 2.217726 -2.008363
v -0.353196 2.217726 -1.968497
v -0.360316 2.217726 -1.924305
v -0.353196 2.217726 -1.880113
v -0.332534 2.217726 -1.840246
v -0.300353 2.217726 -1.808608
v -0.259802 2.217726 -1.788295
v -0.214851 2.217726 -1.781296
v -0.169899 2.217726 -1.788295
v -0.129348 2.217726 -1.808608
v -0.097167 2.217726 -1.840246
v -0.076505 2.217726 -1.880113
v -0.069385 2.217726 -1.924305
v -0.078208 2.238882 -1.967953
v -0.098616 2.238882 -2.007328
v -0.130401 2.238882 -2.038576
v -0.170453 2.238882 -2.058639
v -0.214851 2.238882 -2.065552
v -0.259248 2.238882 -2.058639
v -0.299300 2.238882 -2.038576
v -0.331086 2.238882 -2.007328
v -0.351493 2.238882 -1.967953
v -0.358525 2.238882 -1.924305
v -0.351493 2.238882 -1.880657
v -0.331085 2.238882 -1.841281
v -0.299300 2.238882 -1.810033
v -0.259248 2.238882 -1.789970
v -0.214851 2.238882 -1.783057
v -0.170453 2.238882 -1.789970
v -0.130401 2.238882 -1.810033
v -0.098616 2.238882 -1.841281
v -0.078208 2.238882 -1.880657
v -0.071176 2.238882 -1.924305
v -0.083276 2.259518 -1.966334
v -0.102927 2.259518 -2.004249
v -0.133533 2.259518 -2.034338
v -0.172099 2.259518 -2.053657
v -0.214851 2.259518 -2.060314
v -0.257602 2.259518 -2.053657
v -0.296168 2.259518 -2.034338
v -0.326775 2.259518 -2.004249
v -0.346425 2.259518 -1.966334
v -0.353196 2.259518 -1.924305
v -0.346425 2.259518 -1.882275
v -0.326775 2.259518 -1.844360
v -0.296168 2.259518 -1.814271
v -0.257602 2.259518 -1.794952
v -0.214851 2.259518 -1.788295
v -0.172099 2.259518 -1.794952
v -0.133533 2.259518 -1.814271
v -0.102927 2.259518 -1.844360
v -0.083276 2.259518 -1.882275
v -0.076505 2.259518 -1.924305
v -0.091584 2.279125 -1.963680
v -0.109993 2.279125 -1.999201
v -0.138667 2.279125 -2.027391
v -0.174799 2.279125 -2.045490
v -0.214851 2.279125 -2.051726
v -0.254902 2.279125 -2.045490
v -0.291034 2.279125 -2.027391
v -0.319708 2.279125 -1.999201
v -0.338117 2.279125 -1.963680
v -0.344461 2.279125 -1.924305
v -0.338117 2.279125 -1.884929
v -0.319708 2.279125 -1.849408
v -0.291034 2.279125 -1.821218
v -0.254902 2.279125 -1.803120
v -0.214851 2.279125 -1.796883
v -0.174799 2.279125 -1.803120
v -0.138667 2.279125 -1.821218
v -0.109994 2.279125 -1.849408
v -0.091584 2.279125 -1.884929
v -0.085240 2.279125 -1.924305
v -0.102927 2.297220 -1.960057
v -0.119642 2.297220 -1.992309
v -0.145678 2.297220 -2.017905
v -0.178484 2.297220 -2.034338
v -0.214851 2.297220 -2.040001
v -0.251217 2.297220 -2.034338
v -0.284023 2.297220 -2.017905
v -0.310059 2.297220 -1.992309
v -0.326775 2.297220 -1.960057
v -0.332534 2.297220 -1.924305
v -0.326775 2.297220 -1.888552
v -0.310059 2.297220 -1.856300
v -0.284023 2.297220 -1.830704
v -0.251217 2.297220 -1.814271
v -0.214851 2.297220 -1.808608
v -0.178484 2.297220 -1.814271
v -0.145678 2.297220 -1.830704
v -0.119642 2.297220 -1.856300
v -0.102927 2.297220 -1.888552
v -0.097167 2.297220 -1.924305
v -0.117025 2.313357 -1.955553
v -0.131635 2.313357 -1.983743
v -0.154391 2.313357 -2.006114
v -0.183065 2.313357 -2.020478
v -0.214851 2.313357 -2.025427
v -0.246636 2.313357 -2.020478
v -0.275310 2.313357 -2.006114
v -0.298066 2.313357 -1.983743
v -0.312676 2.313357 -1.955553
v -0.317710 2.313357 -1.924305
v -0.312676 2.313357 -1.893056
v -0.298066 2.313357 -1.864866
v -0.275310 2.313357 -1.842495
v -0.246636 2.313357 -1.828132
v -0.214851 2.313357 -1.823182
v -0.183065 2.313357 -1.828132
v -0.154391 2.313357 -1.842495
v -0.131636 2.313357 -1.864866
v -0.117025 2.313357 -1.893056
v -0.111991 2.313357 -1.924305
v -0.133533 2.327140 -1.950280
v -0.145678 2.327140 -1.973713
v -0.164594 2.327140 -1.992309
v -0.188429 2.327140 -2.004249
v -0.214851 2.327140 -2.008363
v -0.241272 2.327140 -2.004249
v -0.265108 2.327140 -1.992309
v -0.284023 2.327140 -1.973713
v -0.296168 2.327140 -1.950280
v -0.300353 2.327140 -1.924305
v -0.296168 2.327140 -1.898329
v -0.284023 2.327140 -1.874896
v -0.265108 2.327140 -1.856300
v -0.241272 2.327140 -1.844360
v -0.214851 2.327140 -1.840246
v -0.188429 2.327140 -1.844360
v -0.164594 2.327140 -1.856300
v -0.145678 2.327140 -1.874896
v -0.133533 2.327140 -1.898329
v -0.129348 2.327140 -1.924305
v -0.152043 2.338229 -1.944367
v -0.161423 2.338229 -1.962466
v -0.176033 2.338229 -1.976830
v -0.194443 2.338229 -1.986051
v -0.214851 2.338229 -1.989229
v -0.235258 2.338229 -1.986051
v -0.253668 2.338229 -1.976830
v -0.268278 2.338229 -1.962466
v -0.277658 2.338229 -1.944367
v -0.280890 2.338229 -1.924305
v -0.277658 2.338229 -1.904242
v -0.268278 2.338229 -1.886143
v -0.253668 2.338229 -1.871780
v -0.235258 2.338229 -1.862558
v -0.214851 2.338229 -1.859380
v -0.194443 2.338229 -1.862558
v -0.176033 2.338229 -1.871780
v -0.161423 2.338229 -1.886143
v -0.152043 2.338229 -1.904242
v -0.148811 2.338229 -1.924305
v -0.172099 2.346350 -1.937961
v -0.178484 2.346350 -1.950280
v -0.188429 2.346350 -1.960057
v -0.200960 2.346350 -1.966334
v -0.214851 2.346350 -1.968497
v -0.228741 2.346350 -1.966334
v -0.241272 2.346350 -1.960057
v -0.251217 2.346350 -1.950280
v -0.257602 2.346350 -1.937961
v -0.259802 2.346350 -1.924305
v -0.257602 2.346350 -1.910648
v -0.251217 2.346350 -1.898329
v -0.241272 2.346350 -1.888552
v -0.228741 2.346350 -1.882275
v -0.214851 2.346350 -1.880113
v -0.200960 2.346350 -1.882275
v -0.188429 2.346350 -1.888552
v -0.178484 2.346350 -1.898329
v -0.172099 2.346350 -1.910648
v -0.169899 2.346350 -1.924305
v -0.193209 2.351304 -1.931218
v -0.196441 2.351304 -1.937454
v -0.201475 2.351304 -1.942403
v -0.207819 2.351304 -1.945581
v -0.214851 2.351304 -1.946676
v -0.221882 2.351304 -1.945581
v -0.228226 2.351304 -1.942403
v -0.233260 2.351304 -1.937454
v -0.236493 2.351304 -1.931218
v -0.237606 2.351304 -1.924305
v -0.236493 2.351304 -1.917391
v -0.233260 2.351304 -1.911155
v -0.228226 2.351304 -1.906206
v -0.221882 2.351304 -1.903028
v -0.214851 2.351304 -1.901933
v -0.207819 2.351304 -1.903028
v -0.201475 2.351304 -1.906206
v -0.196441 2.351304 -1.911155
v -0.193209 2.351304 -1.917391
v -0.192095 2.351304 -1.924305
v -0.214851 2.082482 -1.924305
v -0.214851 2.352969 -1.924305
vt 0.000000 0.050000
vt 0.050000 0.050000
vt 0.100000 0.050000
vt 0.150000 0.050000
vt 0.200000 0.050000
vt 0.250000 0.050000
vt 0.300000 0.050000
vt 0.350000 0.050000
vt 0.400000 0.050000
vt 0.450000 0.050000
vt 0.500000 0.050000
vt 0.550000 0.050000
vt 0.600000 0.050000
vt 0.650000 0.050000
vt 0.700000 0.050000
vt 0.750000 0.050000
vt 0.800000 0.050000
vt 0.850000 0.050000
vt 0.900000 0.050000
vt 0.950000 0.050000
vt 1.000000 0.050000
vt 0.000000 0.100000
vt 0.050000 0.100000
vt 0.100000 0.100000
vt 0.150000 0.100000
vt 0.200000 0.100000
vt 0.250000 0.100000
vt 0.300000 0.100000
vt 0.350000 0.100000
vt 0.400000 0.100000
vt 0.450000 0.100000
vt 0.500000 0.100000
vt 0.550000 0.100000
vt 0.600000 0.100000
vt 0.650000 0.100000
vt 0.700000 0.100000
vt 0.750000 0.100000
vt 0.800000 0.100000
vt 0.850000 0.100000
vt 0.900000 0.100000
vt 0.950000 0.100000
vt 1.000000 0.100000
vt 0.000000 0.150000
vt 0.050000 0.150000
vt 0.100000 0.150000
vt 0.150000 0.150000
vt 0.200000 0.150000
vt 0.250000 0.150000
vt 0.300000 0.150000
vt 0.350000 0.150000
vt 0.400000 0.150000
vt 0.450000 0.150000
vt 0.500000 0.150000
vt 0.550000 0.150000
vt 0.600000 0.150000
vt 0.650000 0.150000
vt 0.700000 0.150000
vt 0.750000 0.150000
vt 0.800000 0.150000
vt 0.850000 0.150000
vt 0.900000 0.150000
vt 0.950000 0.150000
vt 1.000000 0.150000
vt 0.000000 0.200000
vt 0.050000 0.200000
vt 0.100000 0.200000
vt 0.150000 0.200000
vt 0.200000 0.200000
vt 0.250000 0.200000
vt 0.300000 0.200000
vt 0.350000 0.200000
vt 0.400000 0.200000
vt 0.450000 0.200000
vt 0.500000 0.200000
vt 0.550000 0.200000
vt 0.600000 0.200000
vt 0.650000 0.200000
vt 0.700000 0.200000
vt 0.750000 0.200000
vt 0.800000 0.200000
vt 0.850000 0.200000
vt 0.900000 0.200000
vt 0.950000 0.200000
vt 1.000000 0.200000
vt 0.000000 0.250000
vt 0.050000 0.250000
vt 0.100000 0.250000
vt 0.150000 0.250000
vt 0.200000 0.250000
vt 0.250000 0.250000
vt 0.300000 0.250000
vt 0.350000 0.250000
vt 0.400000 0.250000
vt 0.450000 0.250000
vt 0.500000 0.250000
vt 0.550000 0.250000
vt 0.600000 0.250000
vt 0.650000 0.250000
vt 0.700000 0.250000
vt 0.750000 0.250000
vt 0.800000 0.250000
vt 0.850000 0.250000
vt 0.900000 0.250000
vt 0.950000 0.250000
vt 1.000000 0.250000
vt 0.000000 0.300000
vt 0.050000 0.300000
vt 0.100000 0.300000
vt 0.150000 0.300000
vt 0.200000 0.300000
vt 0.250000 0.300000
vt 0.300000 0.300000
vt 0.350000 0.300000
vt 0.400000 0.300000
vt 0.450000 0.300000
vt 0.500000 0.300000
vt 0.550000 0.300000
vt 0.600000 0.300000
vt 0.650000 0.300000
vt 0.700000 0.300000
vt 0.750000 0.300000
vt 0.800000 0.300000
vt 0.850000 0.300000
vt 0.900000 0.300000
vt 0.950000 0.300000
vt 1.000000 0.300000
vt 0.000000 0.350000
vt 0.050000 0.350000
vt 0.100000 0.350000
vt 0.150000 0.350000
vt 0.200000 0.350000
vt 0.250000 0.350000
vt 0.300000 0.350000
vt 0.350000 0.350000
vt 0.400000 0.350000
vt 0.450000 0.350000
vt 0.500000 0.350000
vt 0.550000 0.350000
vt 0.600000 0.350000
vt 0.650000 0.350000
vt 0.700000 0.350000
vt 0.750000 0.350000
vt 0.800000 0.350000
vt 0.850000 0.350000
vt 0.900000 0.350000
vt 0.950000 0.350000
vt 1.000000 0.350000
vt 0.000000 0.400000
vt 0.050000 0.400000
vt 0.100000 0.400000
vt 0.150000 0.400000
vt 0.200000 0.400000
vt 0.250000 0.400000
vt 0.300000 0.400000
vt 0.350000 0.400000
vt 0.400000 0.400000
vt 0.450000 0.400000
vt 0.500000 0.400000
vt 0.550000 0.400000
vt 0.600000 0.400000
vt 0.650000 0.400000
vt 0.700000 0.400000
vt 0.750000 0.400000
vt 0.800000 0.400000
vt 0.850000 0.400000
vt 0.900000 0.400000
vt 0.950000 0.400000
vt 1.000000 0.400000
vt 0.000000 0.450000
vt 0.050000 0.450000
vt 0.100000 0.450000
vt 0.150000 0.450000
vt 0.200000 0.450000
vt 0.250000 0.450000
vt 0.300000 0.450000
vt 0.350000 0.450000
vt 0.400000 0.450000
vt 0.450000 0.450000
vt 0.500000 0.450000
vt 0.550000 0.450000
vt 0.600000 0.450000
vt 0.650000 0.450000
vt 0.700000 0.450000
vt 0.750000 0.450000
vt 0.800000 0.450000
vt 0.850000 0.450000
vt 0.900000 0.450000
vt 0.950000 0.450000
vt 1.000000 0.450000
vt 0.000000 0.500000
vt 0.050000 0.500000
vt 0.100000 0.500000
vt 0.150000 0.500000
vt 0.200000 0.500000
vt 0.250000 0.500000
vt 0.300000 0.500000
vt 0.350000 0.500000
vt 0.400000 0.500000
vt 0.450000 0.500000
vt 0.500000 0.500000
vt 0.550000 0.500000
vt 0.600000 0.500000
vt 0.650000 0.500000
vt 0.700000 0.500000
vt 0.750000 0.500000
vt 0.800000 0.500000
vt 0.850000 0.500000
vt 0.900000 0.500000
vt 0.950000 0.500000
vt 1.000000 0.500000
vt 0.000000 0.550000
vt 0.050000 0.550000
vt 0.100000 0.550000
vt 0.150000 0.550000
vt 0.200000 0.550000
vt 0.250000 0.550000
vt 0.300000 0.550000
vt 0.350000 0.550000
vt 0.400000 0.550000
vt 0.450000 0.550000
vt 0.500000 0.550000
vt 0.550000 0.550000
vt 0.600000 0.550000
vt 0.650000 0.550000
vt 0.700000 0.550000
vt 0.750000 0.550000
vt 0.800000 0.550000
vt 0.850000 0.550000
vt 0.900000 0.550000
vt 0.950000 0.550000
vt 1.000000 0.550000
vt 0.000000 0.600000
vt 0.050000 0.600000
vt 0.100000 0.600000
vt 0.150000 0.600000
vt 0.200000 0.600000
vt 0.250000 0.600000
vt 0.300000 0.600000
vt 0.350000 0.600000
vt 0.400000 0.600000
vt 0.450000 0.600000
vt 0.500000 0.600000
vt 0.550000 0.600000
vt 0.600000 0.600000
vt 0.650000 0.600000
vt 0.700000 0.600000
vt 0.750000 0.600000
vt 0.800000 0.600000
vt 0.850000 0.600000
vt 0.900000 0.600000
vt 0.950000 0.600000
vt 1.000000 0.600000
vt 0.000000 0.650000
vt 0.050000 0.650000
vt 0.100000 0.650000
vt 0.150000 0.650000
vt 0.200000 0.650000
vt 0.250000 0.650000
vt 0.300000 0.650000
vt 0.350000 0.650000
vt 0.400000 0.650000
vt 0.450000 0.650000
vt 0.500000 0.650000
vt 0.550000 0.650000
vt 0.600000 0.650000
vt 0.650000 0.650000
vt 0.700000 0.650000
vt 0.750000 0.650000
vt 0.800000 0.650000
vt 0.850000 0.650000
vt 0.900000 0.650000
vt 0.950000 0.650000
vt 1.000000 0.650000
vt 0.000000 0.700000
vt 0.050000 0.700000
vt 0.100000 0.700000
vt 0.150000 0.700000
vt 0.200000 0.700000
vt 0.250000 0.700000
vt 0.300000 0.700000
vt 0.350000 0.700000
vt 0.400000 0.700000
vt 0.450000 0.700000
vt 0.500000 0.700000
vt 0.550000 0.700000
vt 0.600000 0.700000
vt 0.650000 0.700000
vt 0.700000 0.700000
vt 0.750000 0.700000
vt 0.800000 0.700000
vt 0.850000 0.700000
vt 0.900000 0.700000
vt 0.950000 0.700000
vt 1.000000 0.700000
vt 0.000000 0.750000
vt 0.050000 0.750000
vt 0.100000 0.750000
vt 0.150000 0.750000
vt 0.200000 0.750000
vt 0.250000 0.750000
vt 0.300000 0.750000
vt 0.350000 0.750000
vt 0.400000 0.750000
vt 0.450000 0.750000
vt 0.500000 0.750000
vt 0.550000 0.750000
vt 0.600000 0.750000
vt 0.650000 0.750000
vt 0.700000 0.750000
vt 0.750000 0.750000
vt 0.800000 0.750000
vt 0.850000 0.750000
vt 0.900000 0.750000
vt 0.950000 0.750000
vt 1.000000 0.750000
vt 0.000000 0.800000
vt 0.050000 0.800000
vt 0.100000 0.800000
vt 0.150000 0.800000
vt 0.200000 0.800000
vt 0.250000 0.800000
vt 0.300000 0.800000
vt 0.350000 0.800000
vt 0.400000 0.800000
vt 0.450000 0.800000
vt 0.500000 0.800000
vt 0.550000 0.800000
vt 0.600000 0.800000
vt 0.650000 0.800000
vt 0.700000 0.800000
vt 0.750000 0.800000
vt 0.800000 0.800000
vt 0.850000 0.800000
vt 0.900000 0.800000
vt 0.950000 0.800000
vt 1.000000 0.800000
vt 0.000000 0.850000
vt 0.050000 0.850000
vt 0.100000 0.850000
vt 0.150000 0.850000
vt 0.200000 0.850000
vt 0.250000 0.850000
vt 0.300000 0.850000
vt 0.350000 0.850000
vt 0.400000 0.850000
vt 0.450000 0.850000
vt 0.500000 0.850000
vt 0.550000 0.850000
vt 0.600000 0.850000
vt 0.650000 0.850000
vt 0.700000 0.850000
vt 0.750000 0.850000
vt 0.800000 0.850000
vt 0.850000 0.850000
vt 0.900000 0.850000
vt 0.950000 0.850000
vt 1.000000 0.850000
vt 0.000000 0.900000
vt 0.050000 0.900000
vt 0.100000 0.900000
vt 0.150000 0.900000
vt 0.200000 0.900000
vt 0.250000 0.900000
vt 0.300000 0.900000
vt 0.350000 0.900000
vt 0.400000 0.900000
vt 0.450000 0.900000
vt 0.500000 0.900000
vt 0.550000 0.900000
vt 0.600000 0.900000
vt 0.650000 0.900000
vt 0.700000 0.900000
vt 0.750000 0.900000
vt 0.800000 0.900000
vt 0.850000 0.900000
vt 0.900000 0.900000
vt 0.950000 0.900000
vt 1.000000 0.900000
vt 0.000000 0.950000
vt 0.050000 0.950000
vt 0.100000 0.950000
vt 0.150000 0.950000
vt 0.200000 0.950000
vt 0.250000 0.950000
vt 0.300000 0.950000
vt 0.350000 0.950000
vt 0.400000 0.950000
vt 0.450000 0.950000
vt 0.500000 0.950000
vt 0.550000 0.950000
vt 0.600000 0.950000
vt 0.650000 0.950000
vt 0.700000 0.950000
vt 0.750000 0.950000
vt 0.800000 0.950000
vt 0.850000 0.950000
vt 0.900000 0.950000
vt 0.950000 0.950000
vt 1.000000 0.950000
vt 0.025000 0.000000
vt 0.075000 0.000000
vt 0.125000 0.000000
vt 0.175000 0.000000
vt 0.225000 0.000000
vt 0.275000 0.000000
vt 0.325000 0.000000
vt 0.375000 0.000000
vt 0.425000 0.000000
vt 0.475000 0.000000
vt 0.525000 0.000000
vt 0.575000 0.000000
vt 0.625000 0.000000
vt 0.675000 0.000000
vt 0.725000 0.000000
vt 0.775000 0.000000
vt 0.825000 0.000000
vt 0.875000 0.000000
vt 0.925000 0.000000
vt 0.975000 0.000000
vt 0.025000 1.000000
vt 0.075000 1.000000
vt 0.125000 1.000000
vt 0.175000 1.000000
vt 0.225000 1.000000
vt 0.275000 1.000000
vt 0.325000 1.000000
vt 0.375000 1.000000
vt 0.425000 1.000000
vt 0.475000 1.000000
vt 0.525000 1.000000
vt 0.575000 1.000000
vt 0.625000 1.000000
vt 0.675000 1.000000
vt 0.725000 1.000000
vt 0.775000 1.000000
vt 0.825000 1.000000
vt 0.875000 1.000000
vt 0.925000 1.000000
vt 0.975000 1.000000
vn 0.177639 -0.982343 -0.058710
vn 0.151086 -0.982194 -0.111656
vn 0.252674 -0.949361 -0.186732
vn 0.297162 -0.949763 -0.098212
vn 0.109750 -0.982011 -0.153652
vn 0.183483 -0.948866 -0.256881
vn 0.057690 -0.981863 -0.180602
vn 0.096422 -0.948466 -0.301854
vn -0.000000 -0.981806 -0.189886
vn -0.000000 -0.948313 -0.317337
vn -0.057690 -0.981863 -0.180603
vn -0.096422 -0.948465 -0.301854
vn -0.109750 -0.982011 -0.153653
vn -0.183483 -0.948866 -0.256881
vn -0.151086 -0.982194 -0.111656
vn -0.252674 -0.949361 -0.186732
vn -0.177639 -0.982343 -0.058710
vn -0.297162 -0.949763 -0.098213
vn -0.186791 -0.982400 0.000000
vn -0.312505 -0.949916 -0.000000
vn -0.177639 -0.982343 0.058710
vn -0.297162 -0.949763 0.098213
vn -0.151086 -0.982194 0.111656
vn -0.252674 -0.949361 0.186732
vn -0.109750 -0.982011 0.153653
vn -0.183483 -0.948866 0.256881
vn -0.057690 -0.981863 0.180602
vn -0.096422 -0.948465 0.301854
vn 0.000000 -0.981806 0.189885
vn 0.000000 -0.948313 0.317337
vn 0.057690 -0.981863 0.180602
vn 0.096422 -0.948465 0.301854
vn 0.109750 -0.982011 0.153653
vn 0.183483 -0.948866 0.256881
vn 0.151086 -0.982194 0.111656
vn 0.252674 -0.949361 0.186733
vn 0.177639 -0.982343 0.058710
vn 0.297162 -0.949763 0.098213
vn 0.186792 -0.982400 0.000001
vn 0.312505 -0.949916 0.000000
vn 0.359104 -0.894771 -0.265386
vn 0.422513 -0.895535 -0.139641
vn 0.260629 -0.893828 -0.364888
vn 0.136904 -0.893068 -0.428587
vn -0.000000 -0.892778 -0.450497
vn -0.136905 -0.893068 -0.428587
vn -0.260630 -0.893828 -0.364888
vn -0.359104 -0.894771 -0.265386
vn -0.422513 -0.895535 -0.139641
vn -0.444401 -0.895828 0.000000
vn -0.422513 -0.895535 0.139641
vn -0.359104 -0.894771 0.265386
vn -0.260629 -0.893828 0.364888
vn -0.136904 -0.893068 0.428587
vn 0.000000 -0.892778 0.450497
vn 0.136905 -0.893068 0.428587
vn 0.260629 -0.893828 0.364888
vn 0.359104 -0.894771 0.265387
vn 0.422513 -0.895535 0.139641
vn 0.444401 -0.895828 0.000000
vn 0.461563 -0.818906 -0.341106
vn 0.543367 -0.820063 -0.179583
vn 0.334762 -0.817482 -0.468676
vn 0.175748 -0.816336 -0.550189
vn -0.000000 -0.815899 -0.578194
vn -0.175748 -0.816336 -0.550189
vn -0.334762 -0.817482 -0.468676
vn -0.461563 -0.818905 -0.341106
vn -0.543366 -0.820063 -0.179583
vn -0.571638 -0.820506 0.000000
vn -0.543366 -0.820063 0.179584
vn -0.461563 -0.818905 0.341106
vn -0.334762 -0.817482 0.468676
vn -0.175748 -0.816336 0.550189
vn 0.000000 -0.815899 0.578194
vn 0.175748 -0.816336 0.550189
vn 0.334762 -0.817482 0.468676
vn 0.461563 -0.818905 0.341106
vn 0.543367 -0.820063 0.179583
vn 0.571638 -0.820506 0.000001
vn 0.556165 -0.722318 -0.411019
vn 0.655154 -0.723801 -0.216529
vn 0.403059 -0.720497 -0.564294
vn 0.211470 -0.719034 -0.662020
vn -0.000000 -0.718477 -0.695550
vn -0.211471 -0.719034 -0.662020
vn -0.403059 -0.720497 -0.564294
vn -0.556165 -0.722318 -0.411019
vn -0.655154 -0.723801 -0.216529
vn -0.689411 -0.724370 -0.000000
vn -0.655154 -0.723801 0.216529
vn -0.556165 -0.722318 0.411020
vn -0.403059 -0.720497 0.564294
vn -0.211470 -0.719034 0.662020
vn -0.000000 -0.718477 0.695550
vn 0.211470 -0.719034 0.662020
vn 0.403059 -0.720497 0.564294
vn 0.556165 -0.722318 0.411019
vn 0.655154 -0.723801 0.216529
vn 0.689411 -0.724370 0.000001
vn 0.639654 -0.606117 -0.472720
vn 0.754004 -0.607765 -0.249199
vn 0.463188 -0.604099 -0.648476
vn 0.242860 -0.602480 -0.760287
vn -0.000000 -0.601865 -0.798598
vn -0.242860 -0.602480 -0.760287
vn -0.463189 -0.604098 -0.648476
vn -0.639655 -0.606117 -0.472720
vn -0.754004 -0.607765 -0.249199
vn -0.793632 -0.608398 -0.000000
vn -0.754003 -0.607765 0.249199
vn -0.639654 -0.606117 0.472720
vn -0.463188 -0.604098 0.648476
vn -0.242860 -0.602480 0.760287
vn 0.000000 -0.601865 0.798598
vn 0.242860 -0.602480 0.760287
vn 0.463189 -0.604098 0.648476
vn 0.639655 -0.606117 0.472720
vn 0.754004 -0.607765 0.249199
vn 0.793632 -0.608398 0.000001
vn 0.708886 -0.472256 -0.523884
vn 0.836132 -0.473834 -0.276342
vn 0.512932 -0.470326 -0.718119
vn 0.268779 -0.468783 -0.841428
vn -0.000000 -0.468197 -0.883624
vn -0.268779 -0.468783 -0.841428
vn -0.512932 -0.470326 -0.718118
vn -0.708887 -0.472256 -0.523884
vn -0.836131 -0.473834 -0.276343
vn -0.880287 -0.474442 -0.000000
vn -0.836131 -0.473834 0.276343
vn -0.708886 -0.472256 0.523884
vn -0.512932 -0.470326 0.718119
vn -0.268779 -0.468782 0.841428
vn 0.000000 -0.468197 0.883624
vn 0.268779 -0.468782 0.841428
vn 0.512932 -0.470326 0.718119
vn 0.708887 -0.472256 0.523884
vn 0.836131 -0.473834 0.276343
vn 0.880287 -0.474441 0.000001
vn 0.760909 -0.323733 -0.562330
vn 0.897950 -0.324981 -0.296773
vn 0.550232 -0.322210 -0.770341
vn 0.288182 -0.320994 -0.902172
vn -0.000000 -0.320533 -0.947237
vn -0.288183 -0.320994 -0.902172
vn -0.550233 -0.322211 -0.770340
vn -0.760909 -0.323733 -0.562330
vn -0.897949 -0.324981 -0.296774
vn -0.945555 -0.325461 -0.000000
vn -0.897949 -0.324981 0.296774
vn -0.760909 -0.323733 0.562330
vn -0.550233 -0.322210 0.770341
vn -0.288182 -0.320994 0.902172
vn 0.000000 -0.320533 0.947237
vn 0.288183 -0.320994 0.902172
vn 0.550233 -0.322210 0.770341
vn 0.760909 -0.323733 0.562330
vn 0.897949 -0.324981 0.296774
vn 0.945556 -0.325461 0.000001
vn 0.793242 -0.164642 -0.586225
vn 0.936420 -0.165332 -0.309487
vn 0.573380 -0.163801 -0.802748
vn 0.300209 -0.163130 -0.939821
vn 0.000000 -0.162876 -0.986647
vn -0.300209 -0.163130 -0.939821
vn -0.573381 -0.163801 -0.802748
vn -0.793242 -0.164642 -0.586225
vn -0.936420 -0.165332 -0.309488
vn -0.986193 -0.165597 0.000000
vn -0.936420 -0.165331 0.309488
vn -0.793242 -0.164642 0.586225
vn -0.573380 -0.163801 0.802748
vn -0.300209 -0.163130 0.939821
vn 0.000000 -0.162876 0.986647
vn 0.300209 -0.163130 0.939821
vn 0.573380 -0.163801 0.802748
vn 0.793242 -0.164642 0.586225
vn 0.936420 -0.165332 0.309488
vn 0.986193 -0.165598 0.000001
vn 0.804217 0.000000 -0.594336
vn 0.949487 -0.000000 -0.313806
vn 0.581231 -0.000000 -0.813739
vn 0.304285 -0.000000 -0.952581
vn 0.000000 0.000000 -1.000000
vn -0.304285 -0.000000 -0.952581
vn -0.581231 -0.000000 -0.813739
vn -0.804217 0.000000 -0.594336
vn -0.949487 0.000000 -0.313807
vn -1.000000 -0.000000 0.000000
vn -0.949487 -0.000000 0.313807
vn -0.804217 0.000000 0.594336
vn -0.581231 -0.000000 0.813739
vn -0.304285 -0.000000 0.952581
vn 0.000000 0.000000 1.000000
vn 0.304285 -0.000000 0.952581
vn 0.581231 -0.000000 0.813739
vn 0.804217 -0.000000 0.594336
vn 0.949487 0.000000 0.313807
vn 1.000000 0.000000 0.000001
vn 0.793242 0.164642 -0.586225
vn 0.936420 0.165332 -0.309487
vn 0.573380 0.163801 -0.802748
vn 0.300209 0.163130 -0.939821
vn 0.000000 0.162876 -0.986647
vn -0.300209 0.163130 -0.939821
vn -0.573381 0.163801 -0.802748
vn -0.793242 0.164642 -0.586225
vn -0.936420 0.165332 -0.309488
vn -0.986193 0.165597 0.000000
vn -0.936420 0.165331 0.309488
vn -0.793242 0.164642 0.586225
vn -0.573380 0.163801 0.802748
vn -0.300209 0.163130 0.939821
vn 0.000000 0.162876 0.986647
vn 0.300209 0.163130 0.939821
vn 0.573380 0.163801 0.802748
vn 0.793242 0.164642 0.586225
vn 0.936420 0.165332 0.309488
vn 0.986193 0.165598 0.000001
vn 0.760909 0.323733 -0.562330
vn 0.897950 0.324981 -0.296773
vn 0.550232 0.322210 -0.770341
vn 0.288182 0.320994 -0.902172
vn -0.000000 0.320533 -0.947237
vn -0.288183 0.320994 -0.902171
vn -0.550233 0.322210 -0.770340
vn -0.760909 0.323733 -0.562330
vn -0.897949 0.324981 -0.296774
vn -0.945555 0.325461 -0.000000
vn -0.897949 0.324981 0.296774
vn -0.760909 0.323733 0.562330
vn -0.550233 0.322210 0.770341
vn -0.288182 0.320994 0.902172
vn 0.000000 0.320533 0.947237
vn 0.288183 0.320994 0.902171
vn 0.550233 0.322210 0.770341
vn 0.760909 0.323733 0.562330
vn 0.897949 0.324981 0.296774
vn 0.945556 0.325461 0.000001
vn 0.708886 0.472256 -0.523884
vn 0.836132 0.473834 -0.276342
vn 0.512932 0.470326 -0.718119
vn 0.268779 0.468783 -0.841428
vn -0.000000 0.468197 -0.883624
vn -0.268779 0.468783 -0.841428
vn -0.512932 0.470326 -0.718118
vn -0.708887 0.472256 -0.523884
vn -0.836131 0.473834 -0.276343
vn -0.880287 0.474442 -0.000000
vn -0.836131 0.473834 0.276343
vn -0.708886 0.472256 0.523884
vn -0.512932 0.470326 0.718119
vn -0.268779 0.468782 0.841428
vn 0.000000 0.468197 0.883624
vn 0.268779 0.468782 0.841428
vn 0.512932 0.470326 0.718119
vn 0.708887 0.472256 0.523884
vn 0.836131 0.473834 0.276343
vn 0.880287 0.474441 0.000001
vn 0.639654 0.606117 -0.472720
vn 0.754004 0.607765 -0.249199
vn 0.463188 0.604099 -0.648476
vn 0.242860 0.602480 -0.760287
vn -0.000000 0.601865 -0.798598
vn -0.242860 0.602480 -0.760287
vn -0.463189 0.604098 -0.648476
vn -0.639655 0.606117 -0.472720
vn -0.754004 0.607765 -0.249199
vn -0.793632 0.608398 -0.000000
vn -0.754003 0.607765 0.249199
vn -0.639654 0.606117 0.472720
vn -0.463188 0.604098 0.648476
vn -0.242860 0.602480 0.760287
vn 0.000000 0.601865 0.798598
vn 0.242860 0.602480 0.760287
vn 0.463188 0.604098 0.648476
vn 0.639655 0.606117 0.472720
vn 0.754004 0.607765 0.249199
vn 0.793632 0.608398 0.000001
vn 0.556165 0.722318 -0.411020
vn 0.655154 0.723801 -0.216529
vn 0.403059 0.720497 -0.564294
vn 0.211470 0.719034 -0.662020
vn -0.000000 0.718477 -0.695550
vn -0.211471 0.719034 -0.662020
vn -0.403059 0.720497 -0.564294
vn -0.556165 0.722318 -0.411019
vn -0.655154 0.723801 -0.216529
vn -0.689411 0.724370 0.000000
vn -0.655154 0.723801 0.216529
vn -0.556165 0.722318 0.411020
vn -0.403059 0.720497 0.564294
vn -0.211470 0.719034 0.662020
vn -0.000000 0.718477 0.695550
vn 0.211470 0.719034 0.662020
vn 0.403059 0.720497 0.564294
vn 0.556165 0.722318 0.411020
vn 0.655154 0.723801 0.216529
vn 0.689411 0.724370 0.000001
vn 0.461563 0.818906 -0.341106
vn 0.543367 0.820063 -0.179583
vn 0.334762 0.817482 -0.468676
vn 0.175748 0.816336 -0.550189
vn -0.000000 0.815899 -0.578194
vn -0.175748 0.816336 -0.550189
vn -0.334762 0.817482 -0.468676
vn -0.461563 0.818906 -0.341106
vn -0.543366 0.820063 -0.179583
vn -0.571638 0.820506 0.000000
vn -0.543367 0.820063 0.179584
vn -0.461563 0.818906 0.341106
vn -0.334762 0.817482 0.468676
vn -0.175748 0.816336 0.550189
vn 0.000000 0.815899 0.578194
vn 0.175748 0.816336 0.550189
vn 0.334762 0.817482 0.468676
vn 0.461563 0.818905 0.341106
vn 0.543367 0.820063 0.179584
vn 0.571638 0.820506 0.000001
vn 0.359104 0.894771 -0.265387
vn 0.422513 0.895535 -0.139641
vn 0.260629 0.893828 -0.364889
vn 0.136904 0.893068 -0.428587
vn -0.000000 0.892778 -0.450497
vn -0.136905 0.893068 -0.428587
vn -0.260630 0.893828 -0.364888
vn -0.359104 0.894771 -0.265386
vn -0.422513 0.895535 -0.139641
vn -0.444401 0.895828 0.000000
vn -0.422513 0.895535 0.139641
vn -0.359104 0.894771 0.265386
vn -0.260629 0.893828 0.364888
vn -0.136904 0.893068 0.428587
vn 0.000000 0.892778 0.450497
vn 0.136905 0.893068 0.428587
vn 0.260630 0.893828 0.364888
vn 0.359104 0.894771 0.265387
vn 0.422513 0.895535 0.139641
vn 0.444401 0.895828 0.000000
vn 0.252674 0.949361 -0.186733
vn 0.297162 0.949763 -0.098212
vn 0.183483 0.948866 -0.256881
vn 0.096422 0.948466 -0.301854
vn -0.000000 0.948313 -0.317337
vn -0.096422 0.948466 -0.301854
vn -0.183483 0.948866 -0.256881
vn -0.252674 0.949361 -0.186732
vn -0.297162 0.949763 -0.098213
vn -0.312505 0.949916 0.000000
vn -0.297162 0.949763 0.098213
vn -0.252674 0.949361 0.186732
vn -0.183483 0.948866 0.256881
vn -0.096422 0.948466 0.301854
vn 0.000000 0.948313 0.317337
vn 0.096422 0.948466 0.301854
vn 0.183483 0.948866 0.256881
vn 0.252674 0.949361 0.186732
vn 0.297162 0.949763 0.098213
vn 0.312505 0.949916 0.000000
vn 0.151086 0.982194 -0.111656
vn 0.177639 0.982343 -0.058710
vn 0.109750 0.982011 -0.153653
vn 0.057690 0.981863 -0.180603
vn -0.000000 0.981806 -0.189886
vn -0.057690 0.981863 -0.180602
vn -0.109750 0.982011 -0.153653
vn -0.151086 0.982194 -0.111656
vn -0.177639 0.982343 -0.058710
vn -0.186791 0.982400 0.000000
vn -0.177639 0.982343 0.058710
vn -0.151086 0.982194 0.111656
vn -0.109750 0.982011 0.153653
vn -0.057690 0.981863 0.180602
vn 0.000000 0.981806 0.189885
vn 0.057690 0.981863 0.180602
vn 0.109750 0.982011 0.153653
vn 0.151086 0.982194 0.111656
vn 0.177639 0.982343 0.058710
vn 0.186791 0.982400 0.000001
vn -0.000000 -1.000000 -0.000000
vn -0.000000 1.000000 0.000000
s 1
g Barra Division_2
usemtl initialShadingGroup
f 89/155/265 90/156/266 110/177/267 109/176/268
f 90/156/266 91/157/269 111/178/270 110/177/267
f 91/157/269 92/158/271 112/179/272 111/178/270
f 92/158/271 93/159/273 113/180/274 112/179/272
f 93/159/273 94/160/275 114/181/276 113/180/274
f 94/160/275 95/161/277 115/182/278 114/181/276
f 95/161/277 96/162/279 116/183/280 115/182/278
f 96/162/279 97/163/281 117/184/282 116/183/280
f 97/163/281 98/164/283 118/185/284 117/184/282
f 98/164/283 99/165/285 119/186/286 118/185/284
f 99/165/285 100/166/287 120/187/288 119/186/286
f 100/166/287 101/167/289 121/188/290 120/187/288
f 101/167/289 102/168/291 122/189/292 121/188/290
f 102/168/291 103/169/293 123/190/294 122/189/292
f 103/169/293 104/170/295 124/191/296 123/190/294
f 104/170/295 105/171/297 125/192/298 124/191/296
f 105/171/297 106/172/299 126/193/300 125/192/298
f 106/172/299 107/173/301 127/194/302 126/193/300
f 107/173/301 108/174/303 128/195/304 127/194/302
f 108/174/303 89/175/265 109/196/268 128/195/304
f 109/176/268 110/177/267 130/198/305 129/197/306
f 110/177/267 111/178/270 131/199/307 130/198/305
f 111/178/270 112/179/272 132/200/308 131/199/307
f 112/179/272 113/180/274 133/201/309 132/200/308
f 113/180/274 114/181/276 134/202/310 133/201/309
f 114/181/276 115/182/278 135/203/311 134/202/310
f 115/182/278 116/183/280 136/204/312 135/203/311
f 116/183/280 117/184/282 137/205/313 136/204/312
f 117/184/282 118/185/284 138/206/314 137/205/313
f 118/185/284 119/186/286 139/207/315 138/206/314
f 119/186/286 120/187/288 140/208/316 139/207/315
f 120/187/288 121/188/290 141/209/317 140/208/316
f 121/188/290 122/189/292 142/210/318 141/209/317
f 122/189/292 123/190/294 143/211/319 142/210/318
f 123/190/294 124/191/296 144/212/320 143/211/319
f 124/191/296 125/192/298 145/213/321 144/212/320
f 125/192/298 126/193/300 146/214/322 145/213/321
f 126/193/300 127/194/302 147/215/323 146/214/322
f 127/194/302 128/195/304 148/216/324 147/215/323
f 128/195/304 109/196/268 129/217/306 148/216/324
f 129/197/306 130/198/305 150/219/325 149/218/326
f 130/198/305 131/199/307 151/220/327 150/219/325
f 131/199/307 132/200/308 152/221/328 151/220/327
f 132/200/308 133/201/309 153/222/329 152/221/328
f 133/201/309 134/202/310 154/223/330 153/222/329
f 134/202/310 135/203/311 155/224/331 154/223/330
f 135/203/311 136/204/312 156/225/332 155/224/331
f 136/204/312 137/205/313 157/226/333 156/225/332
f 137/205/313 138/206/314 158/227/334 157/226/333
f 138/206/314 139/207/315 159/228/335 158/227/334
f 139/207/315 140/208/316 160/229/336 159/228/335
f 140/208/316 141/209/317 161/230/337 160/229/336
f 141/209/317 142/210/318 162/231/338 161/230/337
f 142/210/318 143/211/319 163/232/339 162/231/338
f 143/211/319 144/212/320 164/233/340 163/232/339
f 144/212/320 145/213/321 165/234/341 164/233/340
f 145/213/321 146/214/322 166/235/342 165/234/341
f 146/214/322 147/215/323 167/236/343 166/235/342
f 147/215/323 148/216/324 168/237/344 167/236/343
f 148/216/324 129/217/306 149/238/326 168/237/344
f 149/218/326 150/219/325 170/240/345 169/239/346
f 150/219/325 151/220/327 171/241/347 170/240/345
f 151/220/327 152/221/328 172/242/348 171/241/347
f 152/221/328 153/222/329 173/243/349 172/242/348
f 153/222/329 154/223/330 174/244/350 173/243/349
f 154/223/330 155/224/331 175/245/351 174/244/350
f 155/224/331 156/225/332 176/246/352 175/245/351
f 156/225/332 157/226/333 177/247/353 176/246/352
f 157/226/333 158/227/334 178/248/354 177/247/353
f 158/227/334 159/228/335 179/249/355 178/248/354
f 159/228/335 160/229/336 180/250/356 179/249/355
f 160/229/336 161/230/337 181/251/357 180/250/356
f 161/230/337 162/231/338 182/252/358 181/251/357
f 162/231/338 163/232/339 183/253/359 182/252/358
f 163/232/339 164/233/340 184/254/360 183/253/359
f 164/233/340 165/234/341 185/255/361 184/254/360
f 165/234/341 166/235/342 186/256/362 185/255/361
f 166/235/342 167/236/343 187/257/363 186/256/362
f 167/236/343 168/237/344 188/258/364 187/257/363
f 168/237/344 149/238/326 169/259/346 188/258/364
f 169/239/346 170/240/345 190/261/365 189/260/366
f 170/240/345 171/241/347 191/262/367 190/261/365
f 171/241/347 172/242/348 192/263/368 191/262/367
f 172/242/348 173/243/349 193/264/369 192/263/368
f 173/243/349 174/244/350 194/265/370 193/264/369
f 174/244/350 175/245/351 195/266/371 194/265/370
f 175/245/351 176/246/352 196/267/372 195/266/371
f 176/246/352 177/247/353 197/268/373 196/267/372
f 177/247/353 178/248/354 198/269/374 197/268/373
f 178/248/354 179/249/355 199/270/375 198/269/374
f 179/249/355 180/250/356 200/271/376 199/270/375
f 180/250/356 181/251/357 201/272/377 200/271/376
f 181/251/357 182/252/358 202/273/378 201/272/377
f 182/252/358 183/253/359 203/274/379 202/273/378
f 183/253/359 184/254/360 204/275/380 203/274/379
f 184/254/360 185/255/361 205/276/381 204/275/380
f 185/255/361 186/256/362 206/277/382 205/276/381
f 186/256/362 187/257/363 207/278/383 206/277/382
f 187/257/363 188/258/364 208/279/384 207/278/383
f 188/258/364 169/259/346 189/280/366 208/279/384
f 189/260/366 190/261/365 210/282/385 209/281/386
f 190/261/365 191/262/367 211/283/387 210/282/385
f 191/262/367 192/263/368 212/284/388 211/283/387
f 192/263/368 193/264/369 213/285/389 212/284/388
f 193/264/369 194/265/370 214/286/390 213/285/389
f 194/265/370 195/266/371 215/287/391 214/286/390
f 195/266/371 196/267/372 216/288/392 215/287/391
f 196/267/372 197/268/373 217/289/393 216/288/392
f 197/268/373 198/269/374 218/290/394 217/289/393
f 198/269/374 199/270/375 219/291/395 218/290/394
f 199/270/375 200/271/376 220/292/396 219/291/395
f 200/271/376 201/272/377 221/293/397 220/292/396
f 201/272/377 202/273/378 222/294/398 221/293/397
f 202/273/378 203/274/379 223/295/399 222/294/398
f 203/274/379 204/275/380 224/296/400 223/295/399
f 204/275/380 205/276/381 225/297/401 224/296/400
f 205/276/381 206/277/382 226/298/402 225/297/401
f 206/277/382 207/278/383 227/299/403 226/298/402
f 207/278/383 208/279/384 228/300/404 227/299/403
f 208/279/384 189/280/366 209/301/386 228/300/404
f 209/281/386 210/282/385 230/303/405 229/302/406
f 210/282/385 211/283/387 231/304/407 230/303/405
f 211/283/387 212/284/388 232/305/408 231/304/407
f 212/284/388 213/285/389 233/306/409 232/305/408
f 213/285/389 214/286/390 234/307/410 233/306/409
f 214/286/390 215/287/391 235/308/411 234/307/410
f 215/287/391 216/288/392 236/309/412 235/308/411
f 216/288/392 217/289/393 237/310/413 236/309/412
f 217/289/393 218/290/394 238/311/414 237/310/413
f 218/290/394 219/291/395 239/312/415 238/311/414
f 219/291/395 220/292/396 240/313/416 239/312/415
f 220/292/396 221/293/397 241/314/417 240/313/416
f 221/293/397 222/294/398 242/315/418 241/314/417
f 222/294/398 223/295/399 243/316/419 242/315/418
f 223/295/399 224/296/400 244/317/420 243/316/419
f 224/296/400 225/297/401 245/318/421 244/317/420
f 225/297/401 226/298/402 246/319/422 245/318/421
f 226/298/402 227/299/403 247/320/423 246/319/422
f 227/299/403 228/300/404 248/321/424 247/320/423
f 228/300/404 209/301/386 229/322/406 248/321/424
f 229/302/406 230/303/405 250/324/425 249/323/426
f 230/303/405 231/304/407 251/325/427 250/324/425
f 231/304/407 232/305/408 252/326/428 251/325/427
f 232/305/408 233/306/409 253/327/429 252/326/428
f 233/306/409 234/307/410 254/328/430 253/327/429
f 234/307/410 235/308/411 255/329/431 254/328/430
f 235/308/411 236/309/412 256/330/432 255/329/431
f 236/309/412 237/310/413 257/331/433 256/330/432
f 237/310/413 238/311/414 258/332/434 257/331/433
f 238/311/414 239/312/415 259/333/435 258/332/434
f 239/312/415 240/313/416 260/334/436 259/333/435
f 240/313/416 241/314/417 261/335/437 260/334/436
f 241/314/417 242/315/418 262/336/438 261/335/437
f 242/315/418 243/316/419 263/337/439 262/336/438
f 243/316/419 244/317/420 264/338/440 263/337/439
f 244/317/420 245/318/421 265/339/441 264/338/440
f 245/318/421 246/319/422 266/340/442 265/339/441
f 246/319/422 247/320/423 267/341/443 266/340/442
f 247/320/423 248/321/424 268/342/444 267/341/443
f 248/321/424 229/322/406 249/343/426 268/342/444
f 249/323/426 250/324/425 270/345/445 269/344/446
f 250/324/425 251/325/427 271/346/447 270/345/445
f 251/325/427 252/326/428 272/347/448 271/346/447
f 252/326/428 253/327/429 273/348/449 272/347/448
f 253/327/429 254/328/430 274/349/450 273/348/449
f 254/328/430 255/329/431 275/350/451 274/349/450
f 255/329/431 256/330/432 276/351/452 275/350/451
f 256/330/432 257/331/433 277/352/453 276/351/452
f 257/331/433 258/332/434 278/353/454 277/352/453
f 258/332/434 259/333/435 279/354/455 278/353/454
f 259/333/435 260/334/436 280/355/456 279/354/455
f 260/334/436 261/335/437 281/356/457 280/355/456
f 261/335/437 262/336/438 282/357/458 281/356/457
f 262/336/438 263/337/439 283/358/459 282/357/458
f 263/337/439 264/338/440 284/359/460 283/358/459
f 264/338/440 265/339/441 285/360/461 284/359/460
f 265/339/441 266/340/442 286/361/462 285/360/461
f 266/340/442 267/341/443 287/362/463 286/361/462
f 267/341/443 268/342/444 288/363/464 287/362/463
f 268/342/444 249/343/426 269/364/446 288/363/464
f 269/344/446 270/345/445 290/366/465 289/365/466
f 270/345/445 271/346/447 291/367/467 290/366/465
f 271/346/447 272/347/448 292/368/468 291/367/467
f 272/347/448 273/348/449 293/369/469 292/368/468
f 273/348/449 274/349/450 294/370/470 293/369/469
f 274/349/450 275/350/451 295/371/471 294/370/470
f 275/350/451 276/351/452 296/372/472 295/371/471
f 276/351/452 277/352/453 297/373/473 296/372/472
f 277/352/453 278/353/454 298/374/474 297/373/473
f 278/353/454 279/354/455 299/375/475 298/374/474
f 279/354/455 280/355/456 300/376/476 299/375/475
f 280/355/456 281/356/457 301/377/477 300/376/476
f 281/356/457 282/357/458 302/378/478 301/377/477
f 282/357/458 283/358/459 303/379/479 302/378/478
f 283/358/459 284/359/460 304/380/480 303/379/479
f 284/359/460 285/360/461 305/381/481 304/380/480
f 285/360/461 286/361/462 306/382/482 305/381/481
f 286/361/462 287/362/463 307/383/483 306/382/482
f 287/362/463 288/363/464 308/384/484 307/383/483
f 288/363/464 269/364/446 289/385/466 308/384/484
f 289/365/466 290/366/465 310/387/485 309/386/486
f 290/366/465 291/367/467 311/388/487 310/387/485
f 291/367/467 292/368/468 312/389/488 311/388/487
f 292/368/468 293/369/469 313/390/489 312/389/488
f 293/369/469 294/370/470 314/391/490 313/390/489
f 294/370/470 295/371/471 315/392/491 314/391/490
f 295/371/471 296/372/472 316/393/492 315/392/491
f 296/372/472 297/373/473 317/394/493 316/393/492
f 297/373/473 298/374/474 318/395/494 317/394/493
f 298/374/474 299/375/475 319/396/495 318/395/494
f 299/375/475 300/376/476 320/397/496 319/396/495
f 300/376/476 301/377/477 321/398/497 320/397/496
f 301/377/477 302/378/478 322/399/498 321/398/497
f 302/378/478 303/379/479 323/400/499 322/399/498
f 303/379/479 304/380/480 324/401/500 323/400/499
f 304/380/480 305/381/481 325/402/501 324/401/500
f 305/381/481 306/382/482 326/403/502 325/402/501
f 306/382/482 307/383/483 327/404/503 326/403/502
f 307/383/483 308/384/484 328/405/504 327/404/503
f 308/384/484 289/385/466 309/406/486 328/405/504
f 309/386/486 310/387/485 330/408/505 329/407/506
f 310/387/485 311/388/487 331/409/507 330/408/505
f 311/388/487 312/389/488 332/410/508 331/409/507
f 312/389/488 313/390/489 333/411/509 332/410/508
f 313/390/489 314/391/490 334/412/510 333/411/509
f 314/391/490 315/392/491 335/413/511 334/412/510
f 315/392/491 316/393/492 336/414/512 335/413/511
f 316/393/492 317/394/493 337/415/513 336/414/512
f 317/394/493 318/395/494 338/416/514 337/415/513
f 318/395/494 319/396/495 339/417/515 338/416/514
f 319/396/495 320/397/496 340/418/516 339/417/515
f 320/397/496 321/398/497 341/419/517 340/418/516
f 321/398/497 322/399/498 342/420/518 341/419/517
f 322/399/498 323/400/499 343/421/519 342/420/518
f 323/400/499 324/401/500 344/422/520 343/421/519
f 324/401/500 325/402/501 345/423/521 344/422/520
f 325/402/501 326/403/502 346/424/522 345/423/521
f 326/403/502 327/404/503 347/425/523 346/424/522
f 327/404/503 328/405/504 348/426/524 347/425/523
f 328/405/504 309/406/486 329/427/506 348/426/524
f 329/407/506 330/408/505 350/429/525 349/428/526
f 330/408/505 331/409/507 351/430/527 350/429/525
f 331/409/507 332/410/508 352/431/528 351/430/527
f 332/410/508 333/411/509 353/432/529 352/431/528
f 333/411/509 334/412/510 354/433/530 353/432/529
f 334/412/510 335/413/511 355/434/531 354/433/530
f 335/413/511 336/414/512 356/435/532 355/434/531
f 336/414/512 337/415/513 357/436/533 356/435/532
f 337/415/513 338/416/514 358/437/534 357/436/533
f 338/416/514 339/417/515 359/438/535 358/437/534
f 339/417/515 340/418/516 360/439/536 359/438/535
f 340/418/516 341/419/517 361/440/537 360/439/536
f 341/419/517 342/420/518 362/441/538 361/440/537
f 342/420/518 343/421/519 363/442/539 362/441/538
f 343/421/519 344/422/520 364/443/540 363/442/539
f 344/422/520 345/423/521 365/444/541 364/443/540
f 345/423/521 346/424/522 366/445/542 365/444/541
f 346/424/522 347/425/523 367/446/543 366/445/542
f 347/425/523 348/426/524 368/447/544 367/446/543
f 348/426/524 329/427/506 349/448/526 368/447/544
f 349/428/526 350/429/525 370/450/545 369/449/546
f 350/429/525 351/430/527 371/451/547 370/450/545
f 351/430/527 352/431/528 372/452/548 371/451/547
f 352/431/528 353/432/529 373/453/549 372/452/548
f 353/432/529 354/433/530 374/454/550 373/453/549
f 354/433/530 355/434/531 375/455/551 374/454/550
f 355/434/531 356/435/532 376/456/552 375/455/551
f 356/435/532 357/436/533 377/457/553 376/456/552
f 357/436/533 358/437/534 378/458/554 377/457/553
f 358/437/534 359/438/535 379/459/555 378/458/554
f 359/438/535 360/439/536 380/460/556 379/459/555
f 360/439/536 361/440/537 381/461/557 380/460/556
f 361/440/537 362/441/538 382/462/558 381/461/557
f 362/441/538 363/442/539 383/463/559 382/462/558
f 363/442/539 364/443/540 384/464/560 383/463/559
f 364/443/540 365/444/541 385/465/561 384/464/560
f 365/444/541 366/445/542 386/466/562 385/465/561
f 366/445/542 367/446/543 387/467/563 386/466/562
f 367/446/543 368/447/544 388/468/564 387/467/563
f 368/447/544 349/448/526 369/469/546 388/468/564
f 369/449/546 370/450/545 390/471/565 389/470/566
f 370/450/545 371/451/547 391/472/567 390/471/565
f 371/451/547 372/452/548 392/473/568 391/472/567
f 372/452/548 373/453/549 393/474/569 392/473/568
f 373/453/549 374/454/550 394/475/570 393/474/569
f 374/454/550 375/455/551 395/476/571 394/475/570
f 375/455/551 376/456/552 396/477/572 395/476/571
f 376/456/552 377/457/553 397/478/573 396/477/572
f 377/457/553 378/458/554 398/479/574 397/478/573
f 378/458/554 379/459/555 399/480/575 398/479/574
f 379/459/555 380/460/556 400/481/576 399/480/575
f 380/460/556 381/461/557 401/482/577 400/481/576
f 381/461/557 382/462/558 402/483/578 401/482/577
f 382/462/558 383/463/559 403/484/579 402/483/578
f 383/463/559 384/464/560 404/485/580 403/484/579
f 384/464/560 385/465/561 405/486/581 404/485/580
f 385/465/561 386/466/562 406/487/582 405/486/581
f 386/466/562 387/467/563 407/488/583 406/487/582
f 387/467/563 388/468/564 408/489/584 407/488/583
f 388/468/564 369/469/546 389/490/566 408/489/584
f 389/470/566 390/471/565 410/492/585 409/491/586
f 390/471/565 391/472/567 411/493/587 410/492/585
f 391/472/567 392/473/568 412/494/588 411/493/587
f 392/473/568 393/474/569 413/495/589 412/494/588
f 393/474/569 394/475/570 414/496/590 413/495/589
f 394/475/570 395/476/571 415/497/591 414/496/590
f 395/476/571 396/477/572 416/498/592 415/497/591
f 396/477/572 397/478/573 417/499/593 416/498/592
f 397/478/573 398/479/574 418/500/594 417/499/593
f 398/479/574 399/480/575 419/501/595 418/500/594
f 399/480/575 400/481/576 420/502/596 419/501/595
f 400/481/576 401/482/577 421/503/597 420/502/596
f 401/482/577 402/483/578 422/504/598 421/503/597
f 402/483/578 403/484/579 423/505/599 422/504/598
f 403/484/579 404/485/580 424/506/600 423/505/599
f 404/485/580 405/486/581 425/507/601 424/506/600
f 405/486/581 406/487/582 426/508/602 425/507/601
f 406/487/582 407/488/583 427/509/603 426/508/602
f 407/488/583 408/489/584 428/510/604 427/509/603
f 408/489/584 389/490/566 409/511/586 428/510/604
f 409/491/586 410/492/585 430/513/605 429/512/606
f 410/492/585 411/493/587 431/514/607 430/513/605
f 411/493/587 412/494/588 432/515/608 431/514/607
f 412/494/588 413/495/589 433/516/609 432/515/608
f 413/495/589 414/496/590 434/517/610 433/516/609
f 414/496/590 415/497/591 435/518/611 434/517/610
f 415/497/591 416/498/592 436/519/612 435/518/611
f 416/498/592 417/499/593 437/520/613 436/519/612
f 417/499/593 418/500/594 438/521/614 437/520/613
f 418/500/594 419/501/595 439/522/615 438/521/614
f 419/501/595 420/502/596 440/523/616 439/522/615
f 420/502/596 421/503/597 441/524/617 440/523/616
f 421/503/597 422/504/598 442/525/618 441/524/617
f 422/504/598 423/505/599 443/526/619 442/525/618
f 423/505/599 424/506/600 444/527/620 443/526/619
f 424/506/600 425/507/601 445/528/621 444/527/620
f 425/507/601 426/508/602 446/529/622 445/528/621
f 426/508/602 427/509/603 447/530/623 446/529/622
f 427/509/603 428/510/604 448/531/624 447/530/623
f 428/510/604 409/511/586 429/532/606 448/531/624
f 429/512/606 430/513/605 450/534/625 449/533/626
f 430/513/605 431/514/607 451/535/627 450/534/625
f 431/514/607 432/515/608 452/536/628 451/535/627
f 432/515/608 433/516/609 453/537/629 452/536/628
f 433/516/609 434/517/610 454/538/630 453/537/629
f 434/517/610 435/518/611 455/539/631 454/538/630
f 435/518/611 436/519/612 456/540/632 455/539/631
f 436/519/612 437/520/613 457/541/633 456/540/632
f 437/520/613 438/521/614 458/542/634 457/541/633
f 438/521/614 439/522/615 459/543/635 458/542/634
f 439/522/615 440/523/616 460/544/636 459/543/635
f 440/523/616 441/524/617 461/545/637 460/544/636
f 441/524/617 442/525/618 462/546/638 461/545/637
f 442/525/618 443/526/619 463/547/639 462/546/638
f 443/526/619 444/527/620 464/548/640 463/547/639
f 444/527/620 445/528/621 465/549/641 464/548/640
f 445/528/621 446/529/622 466/550/642 465/549/641
f 446/529/622 447/530/623 467/551/643 466/550/642
f 447/530/623 448/531/624 468/552/644 467/551/643
f 448/531/624 429/532/606 449/553/626 468/552/644
f 90/156/266 89/155/265 469/554/645
f 91/157/269 90/156/266 469/555/645
f 92/158/271 91/157/269 469/556/645
f 93/159/273 92/158/271 469/557/645
f 94/160/275 93/159/273 469/558/645
f 95/161/277 94/160/275 469/559/645
f 96/162/279 95/161/277 469/560/645
f 97/163/281 96/162/279 469/561/645
f 98/164/283 97/163/281 469/562/645
f 99/165/285 98/164/283 469/563/645
f 100/166/287 99/165/285 469/564/645
f 101/167/289 100/166/287 469/565/645
f 102/168/291 101/167/289 469/566/645
f 103/169/293 102/168/291 469/567/645
f 104/170/295 103/169/293 469/568/645
f 105/171/297 104/170/295 469/569/645
f 106/172/299 105/171/297 469/570/645
f 107/173/301 106/172/299 469/571/645
f 108/174/303 107/173/301 469/572/645
f 89/175/265 108/174/303 469/573/645
f 449/533/626 450/534/625 470/574/646
f 450/534/625 451/535/627 470/575/646
f 451/535/627 452/536/628 470/576/646
f 452/536/628 453/537/629 470/577/646
f 453/537/629 454/538/630 470/578/646
f 454/538/630 455/539/631 470/579/646
f 455/539/631 456/540/632 470/580/646
f 456/540/632 457/541/633 470/581/646
f 457/541/633 458/542/634 470/582/646
f 458/542/634 459/543/635 470/583/646
f 459/543/635 460/544/636 470/584/646
f 460/544/636 461/545/637 470/585/646
f 461/545/637 462/546/638 470/586/646
f 462/546/638 463/547/639 470/587/646
f 463/547/639 464/548/640 470/588/646
f 464/548/640 465/549/641 470/589/646
f 465/549/641 466/550/642 470/590/646
f 466/550/642 467/551/643 470/591/646
f 467/551/643 468/552/644 470/592/646
f 468/552/644 449/553/626 470/593/646
g default
v 0.274676 2.084147 -1.931218
v 0.271444 2.084147 -1.937454
v 0.266410 2.084147 -1.942403
v 0.260066 2.084147 -1.945581
v 0.253034 2.084147 -1.946676
v 0.246002 2.084147 -1.945581
v 0.239659 2.084147 -1.942403
v 0.234624 2.084147 -1.937454
v 0.231392 2.084147 -1.931218
v 0.230278 2.084147 -1.924305
v 0.231392 2.084147 -1.917391
v 0.234624 2.084147 -1.911155
v 0.239659 2.084147 -1.906206
v 0.246002 2.084147 -1.903028
v 0.253034 2.084147 -1.901933
v 0.260066 2.084147 -1.903028
v 0.266410 2.084147 -1.906206
v 0.271444 2.084147 -1.911155
v 0.274676 2.084147 -1.917391
v 0.275790 2.084147 -1.924305
v 0.295785 2.089101 -1.937961
v 0.289401 2.089101 -1.950280
v 0.279456 2.089101 -1.960057
v 0.266925 2.089101 -1.966334
v 0.253034 2.089101 -1.968497
v 0.239144 2.089101 -1.966334
v 0.226613 2.089101 -1.960057
v 0.216668 2.089101 -1.950280
v 0.210283 2.089101 -1.937961
v 0.208083 2.089101 -1.924305
v 0.210283 2.089101 -1.910648
v 0.216668 2.089101 -1.898329
v 0.226613 2.089101 -1.888552
v 0.239144 2.089101 -1.882275
v 0.253034 2.089101 -1.880113
v 0.266925 2.089101 -1.882275
v 0.279456 2.089101 -1.888552
v 0.289401 2.089101 -1.898329
v 0.295785 2.089101 -1.910648
v 0.297985 2.089101 -1.924305
v 0.315842 2.097223 -1.944367
v 0.306462 2.097223 -1.962466
v 0.291852 2.097223 -1.976830
v 0.273442 2.097223 -1.986051
v 0.253034 2.097223 -1.989229
v 0.232627 2.097223 -1.986051
v 0.214217 2.097223 -1.976830
v 0.199607 2.097223 -1.962466
v 0.190227 2.097223 -1.944367
v 0.186994 2.097223 -1.924305
v 0.190227 2.097223 -1.904242
v 0.199607 2.097223 -1.886143
v 0.214217 2.097223 -1.871780
v 0.232627 2.097223 -1.862558
v 0.253034 2.097223 -1.859380
v 0.273442 2.097223 -1.862558
v 0.291851 2.097223 -1.871780
v 0.306462 2.097223 -1.886143
v 0.315842 2.097223 -1.904242
v 0.319074 2.097223 -1.924305
v 0.334352 2.108311 -1.950280
v 0.322207 2.108311 -1.973713
v 0.303291 2.108311 -1.992309
v 0.279456 2.108311 -2.004249
v 0.253034 2.108311 -2.008363
v 0.226613 2.108311 -2.004249
v 0.202777 2.108311 -1.992309
v 0.183861 2.108311 -1.973713
v 0.171717 2.108311 -1.950280
v 0.167532 2.108311 -1.924305
v 0.171717 2.108311 -1.898329
v 0.183861 2.108311 -1.874896
v 0.202777 2.108311 -1.856300
v 0.226613 2.108311 -1.844360
v 0.253034 2.108311 -1.840246
v 0.279456 2.108311 -1.844360
v 0.303291 2.108311 -1.856300
v 0.322207 2.108311 -1.874896
v 0.334352 2.108311 -1.898329
v 0.338537 2.108311 -1.924305
v 0.350859 2.122094 -1.955553
v 0.336249 2.122094 -1.983743
v 0.313494 2.122094 -2.006114
v 0.284820 2.122094 -2.020478
v 0.253034 2.122094 -2.025427
v 0.221249 2.122094 -2.020478
v 0.192575 2.122094 -2.006114
v 0.169819 2.122094 -1.983743
v 0.155209 2.122094 -1.955553
v 0.150175 2.122094 -1.924305
v 0.155209 2.122094 -1.893056
v 0.169819 2.122094 -1.864866
v 0.192575 2.122094 -1.842495
v 0.221249 2.122094 -1.828132
v 0.253034 2.122094 -1.823182
v 0.284820 2.122094 -1.828132
v 0.313494 2.122094 -1.842495
v 0.336249 2.122094 -1.864866
v 0.350859 2.122094 -1.893056
v 0.355894 2.122094 -1.924305
v 0.364958 2.138231 -1.960057
v 0.348243 2.138231 -1.992309
v 0.322207 2.138231 -2.017905
v 0.289401 2.138231 -2.034338
v 0.253034 2.138231 -2.040001
v 0.216668 2.138231 -2.034338
v 0.183861 2.138231 -2.017905
v 0.157826 2.138231 -1.992309
v 0.141110 2.138231 -1.960057
v 0.135350 2.138231 -1.924305
v 0.141110 2.138231 -1.888552
v 0.157826 2.138231 -1.856300
v 0.183861 2.138231 -1.830704
v 0.216668 2.138231 -1.814271
v 0.253034 2.138231 -1.808608
v 0.289401 2.138231 -1.814271
v 0.322207 2.138231 -1.830704
v 0.348242 2.138231 -1.856300
v 0.364958 2.138231 -1.888552
v 0.370718 2.138231 -1.924305
v 0.376301 2.156326 -1.963680
v 0.357891 2.156326 -1.999201
v 0.329217 2.156326 -2.027391
v 0.293086 2.156326 -2.045490
v 0.253034 2.156326 -2.051726
v 0.212982 2.156326 -2.045490
v 0.176851 2.156326 -2.027391
v 0.148177 2.156326 -1.999201
v 0.129767 2.156326 -1.963680
v 0.123424 2.156326 -1.924305
v 0.129767 2.156326 -1.884929
v 0.148177 2.156326 -1.849408
v 0.176851 2.156326 -1.821218
v 0.212982 2.156326 -1.803120
v 0.253034 2.156326 -1.796883
v 0.293086 2.156326 -1.803120
v 0.329217 2.156326 -1.821218
v 0.357891 2.156326 -1.849408
v 0.376301 2.156326 -1.884929
v 0.382645 2.156326 -1.924305
v 0.384609 2.175933 -1.966334
v 0.364958 2.175933 -2.004249
v 0.334352 2.175933 -2.034338
v 0.295785 2.175933 -2.053657
v 0.253034 2.175933 -2.060314
v 0.210283 2.175933 -2.053657
v 0.171717 2.175933 -2.034338
v 0.141110 2.175933 -2.004249
v 0.121460 2.175933 -1.966334
v 0.114689 2.175933 -1.924305
v 0.121460 2.175933 -1.882275
v 0.141110 2.175933 -1.844360
v 0.171717 2.175933 -1.814271
v 0.210283 2.175933 -1.794952
v 0.253034 2.175933 -1.788295
v 0.295785 2.175933 -1.794952
v 0.334352 2.175933 -1.814271
v 0.364958 2.175933 -1.844360
v 0.384609 2.175933 -1.882275
v 0.391380 2.175933 -1.924305
v 0.389677 2.196569 -1.967953
v 0.369269 2.196569 -2.007328
v 0.337484 2.196569 -2.038576
v 0.297432 2.196569 -2.058639
v 0.253034 2.196569 -2.065552
v 0.208636 2.196569 -2.058639
v 0.168585 2.196569 -2.038576
v 0.136799 2.196569 -2.007328
v 0.116392 2.196569 -1.967953
v 0.109360 2.196569 -1.924305
v 0.116392 2.196569 -1.880657
v 0.136799 2.196569 -1.841281
v 0.168585 2.196569 -1.810033
v 0.208636 2.196569 -1.789970
v 0.253034 2.196569 -1.783057
v 0.297432 2.196569 -1.789970
v 0.337484 2.196569 -1.810033
v 0.369269 2.196569 -1.841281
v 0.389677 2.196569 -1.880657
v 0.396709 2.196569 -1.924305
v 0.391380 2.217726 -1.968497
v 0.370718 2.217726 -2.008363
v 0.338537 2.217726 -2.040001
v 0.297985 2.217726 -2.060314
v 0.253034 2.217726 -2.067313
v 0.208083 2.217726 -2.060314
v 0.167532 2.217726 -2.040001
v 0.135350 2.217726 -2.008363
v 0.114689 2.217726 -1.968497
v 0.107569 2.217726 -1.924305
v 0.114689 2.217726 -1.880113
v 0.135350 2.217726 -1.840246
v 0.167532 2.217726 -1.808608
v 0.208083 2.217726 -1.788295
v 0.253034 2.217726 -1.781296
v 0.297985 2.217726 -1.788295
v 0.338537 2.217726 -1.808608
v 0.370718 2.217726 -1.840246
v 0.391380 2.217726 -1.880113
v 0.398499 2.217726 -1.924305
v 0.389677 2.238882 -1.967953
v 0.369269 2.238882 -2.007328
v 0.337484 2.238882 -2.038576
v 0.297432 2.238882 -2.058639
v 0.253034 2.238882 -2.065552
v 0.208636 2.238882 -2.058639
v 0.168585 2.238882 -2.038576
v 0.136799 2.238882 -2.007328
v 0.116392 2.238882 -1.967953
v 0.109360 2.238882 -1.924305
v 0.116392 2.238882 -1.880657
v 0.136799 2.238882 -1.841281
v 0.168585 2.238882 -1.810033
v 0.208636 2.238882 -1.789970
v 0.253034 2.238882 -1.783057
v 0.297432 2.238882 -1.789970
v 0.337484 2.238882 -1.810033
v 0.369269 2.238882 -1.841281
v 0.389677 2.238882 -1.880657
v 0.396709 2.238882 -1.924305
v 0.384609 2.259518 -1.966334
v 0.364958 2.259518 -2.004249
v 0.334352 2.259518 -2.034338
v 0.295785 2.259518 -2.053657
v 0.253034 2.259518 -2.060314
v 0.210283 2.259518 -2.053657
v 0.171717 2.259518 -2.034338
v 0.141110 2.259518 -2.004249
v 0.121460 2.259518 -1.966334
v 0.114689 2.259518 -1.924305
v 0.121460 2.259518 -1.882275
v 0.141110 2.259518 -1.844360
v 0.171717 2.259518 -1.814271
v 0.210283 2.259518 -1.794952
v 0.253034 2.259518 -1.788295
v 0.295785 2.259518 -1.794952
v 0.334352 2.259518 -1.814271
v 0.364958 2.259518 -1.844360
v 0.384609 2.259518 -1.882275
v 0.391380 2.259518 -1.924305
v 0.376301 2.279125 -1.963680
v 0.357891 2.279125 -1.999201
v 0.329217 2.279125 -2.027391
v 0.293086 2.279125 -2.045490
v 0.253034 2.279125 -2.051726
v 0.212982 2.279125 -2.045490
v 0.176851 2.279125 -2.027391
v 0.148177 2.279125 -1.999201
v 0.129767 2.279125 -1.963680
v 0.123424 2.279125 -1.924305
v 0.129767 2.279125 -1.884929
v 0.148177 2.279125 -1.849408
v 0.176851 2.279125 -1.821218
v 0.212982 2.279125 -1.803120
v 0.253034 2.279125 -1.796883
v 0.293086 2.279125 -1.803120
v 0.329217 2.279125 -1.821218
v 0.357891 2.279125 -1.849408
v 0.376301 2.279125 -1.884929
v 0.382645 2.279125 -1.924305
v 0.364958 2.297220 -1.960057
v 0.348243 2.297220 -1.992309
v 0.322207 2.297220 -2.017905
v 0.289401 2.297220 -2.034338
v 0.253034 2.297220 -2.040001
v 0.216668 2.297220 -2.034338
v 0.183861 2.297220 -2.017905
v 0.157826 2.297220 -1.992309
v 0.141110 2.297220 -1.960057
v 0.135350 2.297220 -1.924305
v 0.141110 2.297220 -1.888552
v 0.157826 2.297220 -1.856300
v 0.183861 2.297220 -1.830704
v 0.216668 2.297220 -1.814271
v 0.253034 2.297220 -1.808608
v 0.289401 2.297220 -1.814271
v 0.322207 2.297220 -1.830704
v 0.348242 2.297220 -1.856300
v 0.364958 2.297220 -1.888552
v 0.370718 2.297220 -1.924305
v 0.350859 2.313357 -1.955553
v 0.336249 2.313357 -1.983743
v 0.313494 2.313357 -2.006114
v 0.284820 2.313357 -2.020478
v 0.253034 2.313357 -2.025427
v 0.221249 2.313357 -2.020478
v 0.192575 2.313357 -2.006114
v 0.169819 2.313357 -1.983743
v 0.155209 2.313357 -1.955553
v 0.150175 2.313357 -1.924305
v 0.155209 2.313357 -1.893056
v 0.169819 2.313357 -1.864866
v 0.192575 2.313357 -1.842495
v 0.221249 2.313357 -1.828132
v 0.253034 2.313357 -1.823182
v 0.284820 2.313357 -1.828132
v 0.313494 2.313357 -1.842495
v 0.336249 2.313357 -1.864866
v 0.350859 2.313357 -1.893056
v 0.355894 2.313357 -1.924305
v 0.334352 2.327140 -1.950280
v 0.322207 2.327140 -1.973713
v 0.303291 2.327140 -1.992309
v 0.279456 2.327140 -2.004249
v 0.253034 2.327140 -2.008363
v 0.226613 2.327140 -2.004249
v 0.202777 2.327140 -1.992309
v 0.183861 2.327140 -1.973713
v 0.171717 2.327140 -1.950280
v 0.167532 2.327140 -1.924305
v 0.171717 2.327140 -1.898329
v 0.183861 2.327140 -1.874896
v 0.202777 2.327140 -1.856300
v 0.226613 2.327140 -1.844360
v 0.253034 2.327140 -1.840246
v 0.279456 2.327140 -1.844360
v 0.303291 2.327140 -1.856300
v 0.322207 2.327140 -1.874896
v 0.334352 2.327140 -1.898329
v 0.338537 2.327140 -1.924305
v 0.315842 2.338229 -1.944367
v 0.306462 2.338229 -1.962466
v 0.291852 2.338229 -1.976830
v 0.273442 2.338229 -1.986051
v 0.253034 2.338229 -1.989229
v 0.232627 2.338229 -1.986051
v 0.214217 2.338229 -1.976830
v 0.199607 2.338229 -1.962466
v 0.190227 2.338229 -1.944367
v 0.186994 2.338229 -1.924305
v 0.190227 2.338229 -1.904242
v 0.199607 2.338229 -1.886143
v 0.214217 2.338229 -1.871780
v 0.232627 2.338229 -1.862558
v 0.253034 2.338229 -1.859380
v 0.273442 2.338229 -1.862558
v 0.291851 2.338229 -1.871780
v 0.306462 2.338229 -1.886143
v 0.315842 2.338229 -1.904242
v 0.319074 2.338229 -1.924305
v 0.295785 2.346350 -1.937961
v 0.289401 2.346350 -1.950280
v 0.279456 2.346350 -1.960057
v 0.266925 2.346350 -1.966334
v 0.253034 2.346350 -1.968497
v 0.239144 2.346350 -1.966334
v 0.226613 2.346350 -1.960057
v 0.216668 2.346350 -1.950280
v 0.210283 2.346350 -1.937961
v 0.208083 2.346350 -1.924305
v 0.210283 2.346350 -1.910648
v 0.216668 2.346350 -1.898329
v 0.226613 2.346350 -1.888552
v 0.239144 2.346350 -1.882275
v 0.253034 2.346350 -1.880113
v 0.266925 2.346350 -1.882275
v 0.279456 2.346350 -1.888552
v 0.289401 2.346350 -1.898329
v 0.295785 2.346350 -1.910648
v 0.297985 2.346350 -1.924305
v 0.274676 2.351304 -1.931218
v 0.271444 2.351304 -1.937454
v 0.266410 2.351304 -1.942403
v 0.260066 2.351304 -1.945581
v 0.253034 2.351304 -1.946676
v 0.246002 2.351304 -1.945581
v 0.239659 2.351304 -1.942403
v 0.234624 2.351304 -1.937454
v 0.231392 2.351304 -1.931218
v 0.230278 2.351304 -1.924305
v 0.231392 2.351304 -1.917391
v 0.234624 2.351304 -1.911155
v 0.239659 2.351304 -1.906206
v 0.246002 2.351304 -1.903028
v 0.253034 2.351304 -1.901933
v 0.260066 2.351304 -1.903028
v 0.266410 2.351304 -1.906206
v 0.271444 2.351304 -1.911155
v 0.274676 2.351304 -1.917391
v 0.275790 2.351304 -1.924305
v 0.253034 2.082482 -1.924305
v 0.253034 2.352969 -1.924305
vt 0.000000 0.050000
vt 0.050000 0.050000
vt 0.100000 0.050000
vt 0.150000 0.050000
vt 0.200000 0.050000
vt 0.250000 0.050000
vt 0.300000 0.050000
vt 0.350000 0.050000
vt 0.400000 0.050000
vt 0.450000 0.050000
vt 0.500000 0.050000
vt 0.550000 0.050000
vt 0.600000 0.050000
vt 0.650000 0.050000
vt 0.700000 0.050000
vt 0.750000 0.050000
vt 0.800000 0.050000
vt 0.850000 0.050000
vt 0.900000 0.050000
vt 0.950000 0.050000
vt 1.000000 0.050000
vt 0.000000 0.100000
vt 0.050000 0.100000
vt 0.100000 0.100000
vt 0.150000 0.100000
vt 0.200000 0.100000
vt 0.250000 0.100000
vt 0.300000 0.100000
vt 0.350000 0.100000
vt 0.400000 0.100000
vt 0.450000 0.100000
vt 0.500000 0.100000
vt 0.550000 0.100000
vt 0.600000 0.100000
vt 0.650000 0.100000
vt 0.700000 0.100000
vt 0.750000 0.100000
vt 0.800000 0.100000
vt 0.850000 0.100000
vt 0.900000 0.100000
vt 0.950000 0.100000
vt 1.000000 0.100000
vt 0.000000 0.150000
vt 0.050000 0.150000
vt 0.100000 0.150000
vt 0.150000 0.150000
vt 0.200000 0.150000
vt 0.250000 0.150000
vt 0.300000 0.150000
vt 0.350000 0.150000
vt 0.400000 0.150000
vt 0.450000 0.150000
vt 0.500000 0.150000
vt 0.550000 0.150000
vt 0.600000 0.150000
vt 0.650000 0.150000
vt 0.700000 0.150000
vt 0.750000 0.150000
vt 0.800000 0.150000
vt 0.850000 0.150000
vt 0.900000 0.150000
vt 0.950000 0.150000
vt 1.000000 0.150000
vt 0.000000 0.200000
vt 0.050000 0.200000
vt 0.100000 0.200000
vt 0.150000 0.200000
vt 0.200000 0.200000
vt 0.250000 0.200000
vt 0.300000 0.200000
vt 0.350000 0.200000
vt 0.400000 0.200000
vt 0.450000 0.200000
vt 0.500000 0.200000
vt 0.550000 0.200000
vt 0.600000 0.200000
vt 0.650000 0.200000
vt 0.700000 0.200000
vt 0.750000 0.200000
vt 0.800000 0.200000
vt 0.850000 0.200000
vt 0.900000 0.200000
vt 0.950000 0.200000
vt 1.000000 0.200000
vt 0.000000 0.250000
vt 0.050000 0.250000
vt 0.100000 0.250000
vt 0.150000 0.250000
vt 0.200000 0.250000
vt 0.250000 0.250000
vt 0.300000 0.250000
vt 0.350000 0.250000
vt 0.400000 0.250000
vt 0.450000 0.250000
vt 0.500000 0.250000
vt 0.550000 0.250000
vt 0.600000 0.250000
vt 0.650000 0.250000
vt 0.700000 0.250000
vt 0.750000 0.250000
vt 0.800000 0.250000
vt 0.850000 0.250000
vt 0.900000 0.250000
vt 0.950000 0.250000
vt 1.000000 0.250000
vt 0.000000 0.300000
vt 0.050000 0.300000
vt 0.100000 0.300000
vt 0.150000 0.300000
vt 0.200000 0.300000
vt 0.250000 0.300000
vt 0.300000 0.300000
vt 0.350000 0.300000
vt 0.400000 0.300000
vt 0.450000 0.300000
vt 0.500000 0.300000
vt 0.550000 0.300000
vt 0.600000 0.300000
vt 0.650000 0.300000
vt 0.700000 0.300000
vt 0.750000 0.300000
vt 0.800000 0.300000
vt 0.850000 0.300000
vt 0.900000 0.300000
vt 0.950000 0.300000
vt 1.000000 0.300000
vt 0.000000 0.350000
vt 0.050000 0.350000
vt 0.100000 0.350000
vt 0.150000 0.350000
vt 0.200000 0.350000
vt 0.250000 0.350000
vt 0.300000 0.350000
vt 0.350000 0.350000
vt 0.400000 0.350000
vt 0.450000 0.350000
vt 0.500000 0.350000
vt 0.550000 0.350000
vt 0.600000 0.350000
vt 0.650000 0.350000
vt 0.700000 0.350000
vt 0.750000 0.350000
vt 0.800000 0.350000
vt 0.850000 0.350000
vt 0.900000 0.350000
vt 0.950000 0.350000
vt 1.000000 0.350000
vt 0.000000 0.400000
vt 0.050000 0.400000
vt 0.100000 0.400000
vt 0.150000 0.400000
vt 0.200000 0.400000
vt 0.250000 0.400000
vt 0.300000 0.400000
vt 0.350000 0.400000
vt 0.400000 0.400000
vt 0.450000 0.400000
vt 0.500000 0.400000
vt 0.550000 0.400000
vt 0.600000 0.400000
vt 0.650000 0.400000
vt 0.700000 0.400000
vt 0.750000 0.400000
vt 0.800000 0.400000
vt 0.850000 0.400000
vt 0.900000 0.400000
vt 0.950000 0.400000
vt 1.000000 0.400000
vt 0.000000 0.450000
vt 0.050000 0.450000
vt 0.100000 0.450000
vt 0.150000 0.450000
vt 0.200000 0.450000
vt 0.250000 0.450000
vt 0.300000 0.450000
vt 0.350000 0.450000
vt 0.400000 0.450000
vt 0.450000 0.450000
vt 0.500000 0.450000
vt 0.550000 0.450000
vt 0.600000 0.450000
vt 0.650000 0.450000
vt 0.700000 0.450000
vt 0.750000 0.450000
vt 0.800000 0.450000
vt 0.850000 0.450000
vt 0.900000 0.450000
vt 0.950000 0.450000
vt 1.000000 0.450000
vt 0.000000 0.500000
vt 0.050000 0.500000
vt 0.100000 0.500000
vt 0.150000 0.500000
vt 0.200000 0.500000
vt 0.250000 0.500000
vt 0.300000 0.500000
vt 0.350000 0.500000
vt 0.400000 0.500000
vt 0.450000 0.500000
vt 0.500000 0.500000
vt 0.550000 0.500000
vt 0.600000 0.500000
vt 0.650000 0.500000
vt 0.700000 0.500000
vt 0.750000 0.500000
vt 0.800000 0.500000
vt 0.850000 0.500000
vt 0.900000 0.500000
vt 0.950000 0.500000
vt 1.000000 0.500000
vt 0.000000 0.550000
vt 0.050000 0.550000
vt 0.100000 0.550000
vt 0.150000 0.550000
vt 0.200000 0.550000
vt 0.250000 0.550000
vt 0.300000 0.550000
vt 0.350000 0.550000
vt 0.400000 0.550000
vt 0.450000 0.550000
vt 0.500000 0.550000
vt 0.550000 0.550000
vt 0.600000 0.550000
vt 0.650000 0.550000
vt 0.700000 0.550000
vt 0.750000 0.550000
vt 0.800000 0.550000
vt 0.850000 0.550000
vt 0.900000 0.550000
vt 0.950000 0.550000
vt 1.000000 0.550000
vt 0.000000 0.600000
vt 0.050000 0.600000
vt 0.100000 0.600000
vt 0.150000 0.600000
vt 0.200000 0.600000
vt 0.250000 0.600000
vt 0.300000 0.600000
vt 0.350000 0.600000
vt 0.400000 0.600000
vt 0.450000 0.600000
vt 0.500000 0.600000
vt 0.550000 0.600000
vt 0.600000 0.600000
vt 0.650000 0.600000
vt 0.700000 0.600000
vt 0.750000 0.600000
vt 0.800000 0.600000
vt 0.850000 0.600000
vt 0.900000 0.600000
vt 0.950000 0.600000
vt 1.000000 0.600000
vt 0.000000 0.650000
vt 0.050000 0.650000
vt 0.100000 0.650000
vt 0.150000 0.650000
vt 0.200000 0.650000
vt 0.250000 0.650000
vt 0.300000 0.650000
vt 0.350000 0.650000
vt 0.400000 0.650000
vt 0.450000 0.650000
vt 0.500000 0.650000
vt 0.550000 0.650000
vt 0.600000 0.650000
vt 0.650000 0.650000
vt 0.700000 0.650000
vt 0.750000 0.650000
vt 0.800000 0.650000
vt 0.850000 0.650000
vt 0.900000 0.650000
vt 0.950000 0.650000
vt 1.000000 0.650000
vt 0.000000 0.700000
vt 0.050000 0.700000
vt 0.100000 0.700000
vt 0.150000 0.700000
vt 0.200000 0.700000
vt 0.250000 0.700000
vt 0.300000 0.700000
vt 0.350000 0.700000
vt 0.400000 0.700000
vt 0.450000 0.700000
vt 0.500000 0.700000
vt 0.550000 0.700000
vt 0.600000 0.700000
vt 0.650000 0.700000
vt 0.700000 0.700000
vt 0.750000 0.700000
vt 0.800000 0.700000
vt 0.850000 0.700000
vt 0.900000 0.700000
vt 0.950000 0.700000
vt 1.000000 0.700000
vt 0.000000 0.750000
vt 0.050000 0.750000
vt 0.100000 0.750000
vt 0.150000 0.750000
vt 0.200000 0.750000
vt 0.250000 0.750000
vt 0.300000 0.750000
vt 0.350000 0.750000
vt 0.400000 0.750000
vt 0.450000 0.750000
vt 0.500000 0.750000
vt 0.550000 0.750000
vt 0.600000 0.750000
vt 0.650000 0.750000
vt 0.700000 0.750000
vt 0.750000 0.750000
vt 0.800000 0.750000
vt 0.850000 0.750000
vt 0.900000 0.750000
vt 0.950000 0.750000
vt 1.000000 0.750000
vt 0.000000 0.800000
vt 0.050000 0.800000
vt 0.100000 0.800000
vt 0.150000 0.800000
vt 0.200000 0.800000
vt 0.250000 0.800000
vt 0.300000 0.800000
vt 0.350000 0.800000
vt 0.400000 0.800000
vt 0.450000 0.800000
vt 0.500000 0.800000
vt 0.550000 0.800000
vt 0.600000 0.800000
vt 0.650000 0.800000
vt 0.700000 0.800000
vt 0.750000 0.800000
vt 0.800000 0.800000
vt 0.850000 0.800000
vt 0.900000 0.800000
vt 0.950000 0.800000
vt 1.000000 0.800000
vt 0.000000 0.850000
vt 0.050000 0.850000
vt 0.100000 0.850000
vt 0.150000 0.850000
vt 0.200000 0.850000
vt 0.250000 0.850000
vt 0.300000 0.850000
vt 0.350000 0.850000
vt 0.400000 0.850000
vt 0.450000 0.850000
vt 0.500000 0.850000
vt 0.550000 0.850000
vt 0.600000 0.850000
vt 0.650000 0.850000
vt 0.700000 0.850000
vt 0.750000 0.850000
vt 0.800000 0.850000
vt 0.850000 0.850000
vt 0.900000 0.850000
vt 0.950000 0.850000
vt 1.000000 0.850000
vt 0.000000 0.900000
vt 0.050000 0.900000
vt 0.100000 0.900000
vt 0.150000 0.900000
vt 0.200000 0.900000
vt 0.250000 0.900000
vt 0.300000 0.900000
vt 0.350000 0.900000
vt 0.400000 0.900000
vt 0.450000 0.900000
vt 0.500000 0.900000
vt 0.550000 0.900000
vt 0.600000 0.900000
vt 0.650000 0.900000
vt 0.700000 0.900000
vt 0.750000 0.900000
vt 0.800000 0.900000
vt 0.850000 0.900000
vt 0.900000 0.900000
vt 0.950000 0.900000
vt 1.000000 0.900000
vt 0.000000 0.950000
vt 0.050000 0.950000
vt 0.100000 0.950000
vt 0.150000 0.950000
vt 0.200000 0.950000
vt 0.250000 0.950000
vt 0.300000 0.950000
vt 0.350000 0.950000
vt 0.400000 0.950000
vt 0.450000 0.950000
vt 0.500000 0.950000
vt 0.550000 0.950000
vt 0.600000 0.950000
vt 0.650000 0.950000
vt 0.700000 0.950000
vt 0.750000 0.950000
vt 0.800000 0.950000
vt 0.850000 0.950000
vt 0.900000 0.950000
vt 0.950000 0.950000
vt 1.000000 0.950000
vt 0.025000 0.000000
vt 0.075000 0.000000
vt 0.125000 0.000000
vt 0.175000 0.000000
vt 0.225000 0.000000
vt 0.275000 0.000000
vt 0.325000 0.000000
vt 0.375000 0.000000
vt 0.425000 0.000000
vt 0.475000 0.000000
vt 0.525000 0.000000
vt 0.575000 0.000000
vt 0.625000 0.000000
vt 0.675000 0.000000
vt 0.725000 0.000000
vt 0.775000 0.000000
vt 0.825000 0.000000
vt 0.875000 0.000000
vt 0.925000 0.000000
vt 0.975000 0.000000
vt 0.025000 1.000000
vt 0.075000 1.000000
vt 0.125000 1.000000
vt 0.175000 1.000000
vt 0.225000 1.000000
vt 0.275000 1.000000
vt 0.325000 1.000000
vt 0.375000 1.000000
vt 0.425000 1.000000
vt 0.475000 1.000000
vt 0.525000 1.000000
vt 0.575000 1.000000
vt 0.625000 1.000000
vt 0.675000 1.000000
vt 0.725000 1.000000
vt 0.775000 1.000000
vt 0.825000 1.000000
vt 0.875000 1.000000
vt 0.925000 1.000000
vt 0.975000 1.000000
vn 0.177639 -0.982343 -0.058710
vn 0.151086 -0.982194 -0.111656
vn 0.252674 -0.949361 -0.186732
vn 0.297162 -0.949763 -0.098212
vn 0.109750 -0.982011 -0.153652
vn 0.183483 -0.948866 -0.256881
vn 0.057690 -0.981863 -0.180602
vn 0.096422 -0.948466 -0.301854
vn -0.000000 -0.981806 -0.189886
vn -0.000000 -0.948313 -0.317337
vn -0.057690 -0.981863 -0.180603
vn -0.096422 -0.948465 -0.301854
vn -0.109750 -0.982011 -0.153653
vn -0.183483 -0.948866 -0.256881
vn -0.151086 -0.982194 -0.111656
vn -0.252674 -0.949361 -0.186732
vn -0.177639 -0.982343 -0.058710
vn -0.297162 -0.949763 -0.098213
vn -0.186791 -0.982400 0.000000
vn -0.312505 -0.949916 -0.000000
vn -0.177639 -0.982343 0.058710
vn -0.297162 -0.949763 0.098213
vn -0.151086 -0.982194 0.111656
vn -0.252674 -0.949361 0.186732
vn -0.109750 -0.982011 0.153653
vn -0.183483 -0.948866 0.256881
vn -0.057690 -0.981863 0.180602
vn -0.096422 -0.948465 0.301854
vn 0.000000 -0.981806 0.189885
vn 0.000000 -0.948313 0.317337
vn 0.057690 -0.981863 0.180602
vn 0.096422 -0.948465 0.301854
vn 0.109750 -0.982011 0.153653
vn 0.183483 -0.948866 0.256881
vn 0.151086 -0.982194 0.111656
vn 0.252674 -0.949361 0.186733
vn 0.177639 -0.982343 0.058710
vn 0.297162 -0.949763 0.098213
vn 0.186792 -0.982400 0.000001
vn 0.312505 -0.949916 0.000000
vn 0.359104 -0.894771 -0.265386
vn 0.422513 -0.895535 -0.139641
vn 0.260629 -0.893828 -0.364888
vn 0.136904 -0.893068 -0.428587
vn -0.000000 -0.892778 -0.450497
vn -0.136905 -0.893068 -0.428587
vn -0.260630 -0.893828 -0.364888
vn -0.359104 -0.894771 -0.265386
vn -0.422513 -0.895535 -0.139641
vn -0.444401 -0.895828 0.000000
vn -0.422513 -0.895535 0.139641
vn -0.359104 -0.894771 0.265386
vn -0.260629 -0.893828 0.364888
vn -0.136904 -0.893068 0.428587
vn 0.000000 -0.892778 0.450497
vn 0.136905 -0.893068 0.428587
vn 0.260629 -0.893828 0.364888
vn 0.359104 -0.894771 0.265387
vn 0.422513 -0.895535 0.139641
vn 0.444401 -0.895828 0.000000
vn 0.461563 -0.818906 -0.341106
vn 0.543367 -0.820063 -0.179583
vn 0.334762 -0.817482 -0.468676
vn 0.175748 -0.816336 -0.550189
vn -0.000000 -0.815899 -0.578194
vn -0.175748 -0.816336 -0.550189
vn -0.334762 -0.817482 -0.468676
vn -0.461563 -0.818905 -0.341106
vn -0.543366 -0.820063 -0.179583
vn -0.571638 -0.820506 0.000000
vn -0.543366 -0.820063 0.179584
vn -0.461563 -0.818905 0.341106
vn -0.334762 -0.817482 0.468676
vn -0.175748 -0.816336 0.550189
vn 0.000000 -0.815899 0.578194
vn 0.175748 -0.816336 0.550189
vn 0.334762 -0.817482 0.468676
vn 0.461563 -0.818905 0.341106
vn 0.543367 -0.820063 0.179583
vn 0.571638 -0.820506 0.000001
vn 0.556165 -0.722318 -0.411019
vn 0.655154 -0.723801 -0.216529
vn 0.403059 -0.720497 -0.564294
vn 0.211470 -0.719034 -0.662020
vn -0.000000 -0.718477 -0.695550
vn -0.211471 -0.719034 -0.662020
vn -0.403059 -0.720497 -0.564294
vn -0.556165 -0.722318 -0.411019
vn -0.655154 -0.723801 -0.216529
vn -0.689411 -0.724370 -0.000000
vn -0.655154 -0.723801 0.216529
vn -0.556165 -0.722318 0.411020
vn -0.403059 -0.720497 0.564294
vn -0.211470 -0.719034 0.662020
vn -0.000000 -0.718477 0.695550
vn 0.211470 -0.719034 0.662020
vn 0.403059 -0.720497 0.564294
vn 0.556165 -0.722318 0.411019
vn 0.655154 -0.723801 0.216529
vn 0.689411 -0.724370 0.000001
vn 0.639654 -0.606117 -0.472720
vn 0.754004 -0.607765 -0.249199
vn 0.463188 -0.604099 -0.648476
vn 0.242860 -0.602480 -0.760287
vn -0.000000 -0.601865 -0.798598
vn -0.242860 -0.602480 -0.760287
vn -0.463189 -0.604098 -0.648476
vn -0.639655 -0.606117 -0.472720
vn -0.754004 -0.607765 -0.249199
vn -0.793632 -0.608398 -0.000000
vn -0.754003 -0.607765 0.249199
vn -0.639654 -0.606117 0.472720
vn -0.463188 -0.604098 0.648476
vn -0.242860 -0.602480 0.760287
vn 0.000000 -0.601865 0.798598
vn 0.242860 -0.602480 0.760287
vn 0.463189 -0.604098 0.648476
vn 0.639655 -0.606117 0.472720
vn 0.754004 -0.607765 0.249199
vn 0.793632 -0.608398 0.000001
vn 0.708886 -0.472256 -0.523884
vn 0.836132 -0.473834 -0.276342
vn 0.512932 -0.470326 -0.718119
vn 0.268779 -0.468783 -0.841428
vn -0.000000 -0.468197 -0.883624
vn -0.268779 -0.468783 -0.841428
vn -0.512932 -0.470326 -0.718118
vn -0.708887 -0.472256 -0.523884
vn -0.836131 -0.473834 -0.276343
vn -0.880287 -0.474442 -0.000000
vn -0.836131 -0.473834 0.276343
vn -0.708886 -0.472256 0.523884
vn -0.512932 -0.470326 0.718119
vn -0.268779 -0.468782 0.841428
vn 0.000000 -0.468197 0.883624
vn 0.268779 -0.468782 0.841428
vn 0.512932 -0.470326 0.718119
vn 0.708887 -0.472256 0.523884
vn 0.836131 -0.473834 0.276343
vn 0.880287 -0.474441 0.000001
vn 0.760909 -0.323733 -0.562330
vn 0.897950 -0.324981 -0.296773
vn 0.550232 -0.322210 -0.770341
vn 0.288182 -0.320994 -0.902172
vn -0.000000 -0.320533 -0.947237
vn -0.288183 -0.320994 -0.902172
vn -0.550233 -0.322211 -0.770340
vn -0.760909 -0.323733 -0.562330
vn -0.897949 -0.324981 -0.296774
vn -0.945555 -0.325461 -0.000000
vn -0.897949 -0.324981 0.296774
vn -0.760909 -0.323733 0.562330
vn -0.550233 -0.322210 0.770341
vn -0.288182 -0.320994 0.902172
vn 0.000000 -0.320533 0.947237
vn 0.288183 -0.320994 0.902172
vn 0.550233 -0.322210 0.770341
vn 0.760909 -0.323733 0.562330
vn 0.897949 -0.324981 0.296774
vn 0.945556 -0.325461 0.000001
vn 0.793242 -0.164642 -0.586225
vn 0.936420 -0.165332 -0.309487
vn 0.573380 -0.163801 -0.802748
vn 0.300209 -0.163130 -0.939821
vn 0.000000 -0.162876 -0.986647
vn -0.300209 -0.163130 -0.939821
vn -0.573381 -0.163801 -0.802748
vn -0.793242 -0.164642 -0.586225
vn -0.936420 -0.165332 -0.309488
vn -0.986193 -0.165597 0.000000
vn -0.936420 -0.165331 0.309488
vn -0.793242 -0.164642 0.586225
vn -0.573380 -0.163801 0.802748
vn -0.300209 -0.163130 0.939821
vn 0.000000 -0.162876 0.986647
vn 0.300209 -0.163130 0.939821
vn 0.573380 -0.163801 0.802748
vn 0.793242 -0.164642 0.586225
vn 0.936420 -0.165332 0.309488
vn 0.986193 -0.165598 0.000001
vn 0.804217 0.000000 -0.594336
vn 0.949487 -0.000000 -0.313806
vn 0.581231 -0.000000 -0.813739
vn 0.304285 -0.000000 -0.952581
vn 0.000000 0.000000 -1.000000
vn -0.304285 -0.000000 -0.952581
vn -0.581231 -0.000000 -0.813739
vn -0.804217 0.000000 -0.594336
vn -0.949487 0.000000 -0.313807
vn -1.000000 -0.000000 0.000000
vn -0.949487 -0.000000 0.313807
vn -0.804217 0.000000 0.594336
vn -0.581231 -0.000000 0.813739
vn -0.304285 -0.000000 0.952581
vn 0.000000 0.000000 1.000000
vn 0.304285 -0.000000 0.952581
vn 0.581231 -0.000000 0.813739
vn 0.804217 -0.000000 0.594336
vn 0.949487 0.000000 0.313807
vn 1.000000 0.000000 0.000001
vn 0.793242 0.164642 -0.586225
vn 0.936420 0.165332 -0.309487
vn 0.573380 0.163801 -0.802748
vn 0.300209 0.163130 -0.939821
vn 0.000000 0.162876 -0.986647
vn -0.300209 0.163130 -0.939821
vn -0.573381 0.163801 -0.802748
vn -0.793242 0.164642 -0.586225
vn -0.936420 0.165332 -0.309488
vn -0.986193 0.165597 0.000000
vn -0.936420 0.165331 0.309488
vn -0.793242 0.164642 0.586225
vn -0.573380 0.163801 0.802748
vn -0.300209 0.163130 0.939821
vn 0.000000 0.162876 0.986647
vn 0.300209 0.163130 0.939821
vn 0.573380 0.163801 0.802748
vn 0.793242 0.164642 0.586225
vn 0.936420 0.165332 0.309488
vn 0.986193 0.165598 0.000001
vn 0.760909 0.323733 -0.562330
vn 0.897950 0.324981 -0.296773
vn 0.550232 0.322210 -0.770341
vn 0.288182 0.320994 -0.902172
vn -0.000000 0.320533 -0.947237
vn -0.288183 0.320994 -0.902171
vn -0.550233 0.322210 -0.770340
vn -0.760909 0.323733 -0.562330
vn -0.897949 0.324981 -0.296774
vn -0.945555 0.325461 -0.000000
vn -0.897949 0.324981 0.296774
vn -0.760909 0.323733 0.562330
vn -0.550233 0.322210 0.770341
vn -0.288182 0.320994 0.902172
vn 0.000000 0.320533 0.947237
vn 0.288183 0.320994 0.902171
vn 0.550233 0.322210 0.770341
vn 0.760909 0.323733 0.562330
vn 0.897949 0.324981 0.296774
vn 0.945556 0.325461 0.000001
vn 0.708886 0.472256 -0.523884
vn 0.836132 0.473834 -0.276342
vn 0.512932 0.470326 -0.718119
vn 0.268779 0.468783 -0.841428
vn -0.000000 0.468197 -0.883624
vn -0.268779 0.468783 -0.841428
vn -0.512932 0.470326 -0.718118
vn -0.708887 0.472256 -0.523884
vn -0.836131 0.473834 -0.276343
vn -0.880287 0.474442 -0.000000
vn -0.836131 0.473834 0.276343
vn -0.708886 0.472256 0.523884
vn -0.512932 0.470326 0.718119
vn -0.268779 0.468782 0.841428
vn 0.000000 0.468197 0.883624
vn 0.268779 0.468782 0.841428
vn 0.512932 0.470326 0.718119
vn 0.708887 0.472256 0.523884
vn 0.836131 0.473834 0.276343
vn 0.880287 0.474441 0.000001
vn 0.639654 0.606117 -0.472720
vn 0.754004 0.607765 -0.249199
vn 0.463188 0.604099 -0.648476
vn 0.242860 0.602480 -0.760287
vn -0.000000 0.601865 -0.798598
vn -0.242860 0.602480 -0.760287
vn -0.463189 0.604098 -0.648476
vn -0.639655 0.606117 -0.472720
vn -0.754004 0.607765 -0.249199
vn -0.793632 0.608398 -0.000000
vn -0.754003 0.607765 0.249199
vn -0.639654 0.606117 0.472720
vn -0.463188 0.604098 0.648476
vn -0.242860 0.602480 0.760287
vn 0.000000 0.601865 0.798598
vn 0.242860 0.602480 0.760287
vn 0.463188 0.604098 0.648476
vn 0.639655 0.606117 0.472720
vn 0.754004 0.607765 0.249199
vn 0.793632 0.608398 0.000001
vn 0.556165 0.722318 -0.411020
vn 0.655154 0.723801 -0.216529
vn 0.403059 0.720497 -0.564294
vn 0.211470 0.719034 -0.662020
vn -0.000000 0.718477 -0.695550
vn -0.211471 0.719034 -0.662020
vn -0.403059 0.720497 -0.564294
vn -0.556165 0.722318 -0.411019
vn -0.655154 0.723801 -0.216529
vn -0.689411 0.724370 0.000000
vn -0.655154 0.723801 0.216529
vn -0.556165 0.722318 0.411020
vn -0.403059 0.720497 0.564294
vn -0.211470 0.719034 0.662020
vn -0.000000 0.718477 0.695550
vn 0.211470 0.719034 0.662020
vn 0.403059 0.720497 0.564294
vn 0.556165 0.722318 0.411020
vn 0.655154 0.723801 0.216529
vn 0.689411 0.724370 0.000001
vn 0.461563 0.818906 -0.341106
vn 0.543367 0.820063 -0.179583
vn 0.334762 0.817482 -0.468676
vn 0.175748 0.816336 -0.550189
vn -0.000000 0.815899 -0.578194
vn -0.175748 0.816336 -0.550189
vn -0.334762 0.817482 -0.468676
vn -0.461563 0.818906 -0.341106
vn -0.543366 0.820063 -0.179583
vn -0.571638 0.820506 0.000000
vn -0.543367 0.820063 0.179584
vn -0.461563 0.818906 0.341106
vn -0.334762 0.817482 0.468676
vn -0.175748 0.816336 0.550189
vn 0.000000 0.815899 0.578194
vn 0.175748 0.816336 0.550189
vn 0.334762 0.817482 0.468676
vn 0.461563 0.818905 0.341106
vn 0.543367 0.820063 0.179584
vn 0.571638 0.820506 0.000001
vn 0.359104 0.894771 -0.265387
vn 0.422513 0.895535 -0.139641
vn 0.260629 0.893828 -0.364889
vn 0.136904 0.893068 -0.428587
vn -0.000000 0.892778 -0.450497
vn -0.136905 0.893068 -0.428587
vn -0.260630 0.893828 -0.364888
vn -0.359104 0.894771 -0.265386
vn -0.422513 0.895535 -0.139641
vn -0.444401 0.895828 0.000000
vn -0.422513 0.895535 0.139641
vn -0.359104 0.894771 0.265386
vn -0.260629 0.893828 0.364888
vn -0.136904 0.893068 0.428587
vn 0.000000 0.892778 0.450497
vn 0.136905 0.893068 0.428587
vn 0.260630 0.893828 0.364888
vn 0.359104 0.894771 0.265387
vn 0.422513 0.895535 0.139641
vn 0.444401 0.895828 0.000000
vn 0.252674 0.949361 -0.186733
vn 0.297162 0.949763 -0.098212
vn 0.183483 0.948866 -0.256881
vn 0.096422 0.948466 -0.301854
vn -0.000000 0.948313 -0.317337
vn -0.096422 0.948466 -0.301854
vn -0.183483 0.948866 -0.256881
vn -0.252674 0.949361 -0.186732
vn -0.297162 0.949763 -0.098213
vn -0.312505 0.949916 0.000000
vn -0.297162 0.949763 0.098213
vn -0.252674 0.949361 0.186732
vn -0.183483 0.948866 0.256881
vn -0.096422 0.948466 0.301854
vn 0.000000 0.948313 0.317337
vn 0.096422 0.948466 0.301854
vn 0.183483 0.948866 0.256881
vn 0.252674 0.949361 0.186732
vn 0.297162 0.949763 0.098213
vn 0.312505 0.949916 0.000000
vn 0.151086 0.982194 -0.111656
vn 0.177639 0.982343 -0.058710
vn 0.109750 0.982011 -0.153653
vn 0.057690 0.981863 -0.180603
vn -0.000000 0.981806 -0.189886
vn -0.057690 0.981863 -0.180602
vn -0.109750 0.982011 -0.153653
vn -0.151086 0.982194 -0.111656
vn -0.177639 0.982343 -0.058710
vn -0.186791 0.982400 0.000000
vn -0.177639 0.982343 0.058710
vn -0.151086 0.982194 0.111656
vn -0.109750 0.982011 0.153653
vn -0.057690 0.981863 0.180602
vn 0.000000 0.981806 0.189885
vn 0.057690 0.981863 0.180602
vn 0.109750 0.982011 0.153653
vn 0.151086 0.982194 0.111656
vn 0.177639 0.982343 0.058710
vn 0.186791 0.982400 0.000001
vn -0.000000 -1.000000 -0.000000
vn -0.000000 1.000000 0.000000
s 1
g Barra Division_3
usemtl initialShadingGroup
f 471/594/647 472/595/648 492/616/649 491/615/650
f 472/595/648 473/596/651 493/617/652 492/616/649
f 473/596/651 474/597/653 494/618/654 493/617/652
f 474/597/653 475/598/655 495/619/656 494/618/654
f 475/598/655 476/599/657 496/620/658 495/619/656
f 476/599/657 477/600/659 497/621/660 496/620/658
f 477/600/659 478/601/661 498/622/662 497/621/660
f 478/601/661 479/602/663 499/623/664 498/622/662
f 479/602/663 480/603/665 500/624/666 499/623/664
f 480/603/665 481/604/667 501/625/668 500/624/666
f 481/604/667 482/605/669 502/626/670 501/625/668
f 482/605/669 483/606/671 503/627/672 502/626/670
f 483/606/671 484/607/673 504/628/674 503/627/672
f 484/607/673 485/608/675 505/629/676 504/628/674
f 485/608/675 486/609/677 506/630/678 505/629/676
f 486/609/677 487/610/679 507/631/680 506/630/678
f 487/610/679 488/611/681 508/632/682 507/631/680
f 488/611/681 489/612/683 509/633/684 508/632/682
f 489/612/683 490/613/685 510/634/686 509/633/684
f 490/613/685 471/614/647 491/635/650 510/634/686
f 491/615/650 492/616/649 512/637/687 511/636/688
f 492/616/649 493/617/652 513/638/689 512/637/687
f 493/617/652 494/618/654 514/639/690 513/638/689
f 494/618/654 495/619/656 515/640/691 514/639/690
f 495/619/656 496/620/658 516/641/692 515/640/691
f 496/620/658 497/621/660 517/642/693 516/641/692
f 497/621/660 498/622/662 518/643/694 517/642/693
f 498/622/662 499/623/664 519/644/695 518/643/694
f 499/623/664 500/624/666 520/645/696 519/644/695
f 500/624/666 501/625/668 521/646/697 520/645/696
f 501/625/668 502/626/670 522/647/698 521/646/697
f 502/626/670 503/627/672 523/648/699 522/647/698
f 503/627/672 504/628/674 524/649/700 523/648/699
f 504/628/674 505/629/676 525/650/701 524/649/700
f 505/629/676 506/630/678 526/651/702 525/650/701
f 506/630/678 507/631/680 527/652/703 526/651/702
f 507/631/680 508/632/682 528/653/704 527/652/703
f 508/632/682 509/633/684 529/654/705 528/653/704
f 509/633/684 510/634/686 530/655/706 529/654/705
f 510/634/686 491/635/650 511/656/688 530/655/706
f 511/636/688 512/637/687 532/658/707 531/657/708
f 512/637/687 513/638/689 533/659/709 532/658/707
f 513/638/689 514/639/690 534/660/710 533/659/709
f 514/639/690 515/640/691 535/661/711 534/660/710
f 515/640/691 516/641/692 536/662/712 535/661/711
f 516/641/692 517/642/693 537/663/713 536/662/712
f 517/642/693 518/643/694 538/664/714 537/663/713
f 518/643/694 519/644/695 539/665/715 538/664/714
f 519/644/695 520/645/696 540/666/716 539/665/715
f 520/645/696 521/646/697 541/667/717 540/666/716
f 521/646/697 522/647/698 542/668/718 541/667/717
f 522/647/698 523/648/699 543/669/719 542/668/718
f 523/648/699 524/649/700 544/670/720 543/669/719
f 524/649/700 525/650/701 545/671/721 544/670/720
f 525/650/701 526/651/702 546/672/722 545/671/721
f 526/651/702 527/652/703 547/673/723 546/672/722
f 527/652/703 528/653/704 548/674/724 547/673/723
f 528/653/704 529/654/705 549/675/725 548/674/724
f 529/654/705 530/655/706 550/676/726 549/675/725
f 530/655/706 511/656/688 531/677/708 550/676/726
f 531/657/708 532/658/707 552/679/727 551/678/728
f 532/658/707 533/659/709 553/680/729 552/679/727
f 533/659/709 534/660/710 554/681/730 553/680/729
f 534/660/710 535/661/711 555/682/731 554/681/730
f 535/661/711 536/662/712 556/683/732 555/682/731
f 536/662/712 537/663/713 557/684/733 556/683/732
f 537/663/713 538/664/714 558/685/734 557/684/733
f 538/664/714 539/665/715 559/686/735 558/685/734
f 539/665/715 540/666/716 560/687/736 559/686/735
f 540/666/716 541/667/717 561/688/737 560/687/736
f 541/667/717 542/668/718 562/689/738 561/688/737
f 542/668/718 543/669/719 563/690/739 562/689/738
f 543/669/719 544/670/720 564/691/740 563/690/739
f 544/670/720 545/671/721 565/692/741 564/691/740
f 545/671/721 546/672/722 566/693/742 565/692/741
f 546/672/722 547/673/723 567/694/743 566/693/742
f 547/673/723 548/674/724 568/695/744 567/694/743
f 548/674/724 549/675/725 569/696/745 568/695/744
f 549/675/725 550/676/726 570/697/746 569/696/745
f 550/676/726 531/677/708 551/698/728 570/697/746
f 551/678/728 552/679/727 572/700/747 571/699/748
f 552/679/727 553/680/729 573/701/749 572/700/747
f 553/680/729 554/681/730 574/702/750 573/701/749
f 554/681/730 555/682/731 575/703/751 574/702/750
f 555/682/731 556/683/732 576/704/752 575/703/751
f 556/683/732 557/684/733 577/705/753 576/704/752
f 557/684/733 558/685/734 578/706/754 577/705/753
f 558/685/734 559/686/735 579/707/755 578/706/754
f 559/686/735 560/687/736 580/708/756 579/707/755
f 560/687/736 561/688/737 581/709/757 580/708/756
f 561/688/737 562/689/738 582/710/758 581/709/757
f 562/689/738 563/690/739 583/711/759 582/710/758
f 563/690/739 564/691/740 584/712/760 583/711/759
f 564/691/740 565/692/741 585/713/761 584/712/760
f 565/692/741 566/693/742 586/714/762 585/713/761
f 566/693/742 567/694/743 587/715/763 586/714/762
f 567/694/743 568/695/744 588/716/764 587/715/763
f 568/695/744 569/696/745 589/717/765 588/716/764
f 569/696/745 570/697/746 590/718/766 589/717/765
f 570/697/746 551/698/728 571/719/748 590/718/766
f 571/699/748 572/700/747 592/721/767 591/720/768
f 572/700/747 573/701/749 593/722/769 592/721/767
f 573/701/749 574/702/750 594/723/770 593/722/769
f 574/702/750 575/703/751 595/724/771 594/723/770
f 575/703/751 576/704/752 596/725/772 595/724/771
f 576/704/752 577/705/753 597/726/773 596/725/772
f 577/705/753 578/706/754 598/727/774 597/726/773
f 578/706/754 579/707/755 599/728/775 598/727/774
f 579/707/755 580/708/756 600/729/776 599/728/775
f 580/708/756 581/709/757 601/730/777 600/729/776
f 581/709/757 582/710/758 602/731/778 601/730/777
f 582/710/758 583/711/759 603/732/779 602/731/778
f 583/711/759 584/712/760 604/733/780 603/732/779
f 584/712/760 585/713/761 605/734/781 604/733/780
f 585/713/761 586/714/762 606/735/782 605/734/781
f 586/714/762 587/715/763 607/736/783 606/735/782
f 587/715/763 588/716/764 608/737/784 607/736/783
f 588/716/764 589/717/765 609/738/785 608/737/784
f 589/717/765 590/718/766 610/739/786 609/738/785
f 590/718/766 571/719/748 591/740/768 610/739/786
f 591/720/768 592/721/767 612/742/787 611/741/788
f 592/721/767 593/722/769 613/743/789 612/742/787
f 593/722/769 594/723/770 614/744/790 613/743/789
f 594/723/770 595/724/771 615/745/791 614/744/790
f 595/724/771 596/725/772 616/746/792 615/745/791
f 596/725/772 597/726/773 617/747/793 616/746/792
f 597/726/773 598/727/774 618/748/794 617/747/793
f 598/727/774 599/728/775 619/749/795 618/748/794
f 599/728/775 600/729/776 620/750/796 619/749/795
f 600/729/776 601/730/777 621/751/797 620/750/796
f 601/730/777 602/731/778 622/752/798 621/751/797
f 602/731/778 603/732/779 623/753/799 622/752/798
f 603/732/779 604/733/780 624/754/800 623/753/799
f 604/733/780 605/734/781 625/755/801 624/754/800
f 605/734/781 606/735/782 626/756/802 625/755/801
f 606/735/782 607/736/783 627/757/803 626/756/802
f 607/736/783 608/737/784 628/758/804 627/757/803
f 608/737/784 609/738/785 629/759/805 628/758/804
f 609/738/785 610/739/786 630/760/806 629/759/805
f 610/739/786 591/740/768 611/761/788 630/760/806
f 611/741/788 612/742/787 632/763/807 631/762/808
f 612/742/787 613/743/789 633/764/809 632/763/807
f 613/743/789 614/744/790 634/765/810 633/764/809
f 614/744/790 615/745/791 635/766/811 634/765/810
f 615/745/791 616/746/792 636/767/812 635/766/811
f 616/746/792 617/747/793 637/768/813 636/767/812
f 617/747/793 618/748/794 638/769/814 637/768/813
f 618/748/794 619/749/795 639/770/815 638/769/814
f 619/749/795 620/750/796 640/771/816 639/770/815
f 620/750/796 621/751/797 641/772/817 640/771/816
f 621/751/797 622/752/798 642/773/818 641/772/817
f 622/752/798 623/753/799 643/774/819 642/773/818
f 623/753/799 624/754/800 644/775/820 643/774/819
f 624/754/800 625/755/801 645/776/821 644/775/820
f 625/755/801 626/756/802 646/777/822 645/776/821
f 626/756/802 627/757/803 647/778/823 646/777/822
f 627/757/803 628/758/804 648/779/824 647/778/823
f 628/758/804 629/759/805 649/780/825 648/779/824
f 629/759/805 630/760/806 650/781/826 649/780/825
f 630/760/806 611/761/788 631/782/808 650/781/826
f 631/762/808 632/763/807 652/784/827 651/783/828
f 632/763/807 633/764/809 653/785/829 652/784/827
f 633/764/809 634/765/810 654/786/830 653/785/829
f 634/765/810 635/766/811 655/787/831 654/786/830
f 635/766/811 636/767/812 656/788/832 655/787/831
f 636/767/812 637/768/813 657/789/833 656/788/832
f 637/768/813 638/769/814 658/790/834 657/789/833
f 638/769/814 639/770/815 659/791/835 658/790/834
f 639/770/815 640/771/816 660/792/836 659/791/835
f 640/771/816 641/772/817 661/793/837 660/792/836
f 641/772/817 642/773/818 662/794/838 661/793/837
f 642/773/818 643/774/819 663/795/839 662/794/838
f 643/774/819 644/775/820 664/796/840 663/795/839
f 644/775/820 645/776/821 665/797/841 664/796/840
f 645/776/821 646/777/822 666/798/842 665/797/841
f 646/777/822 647/778/823 667/799/843 666/798/842
f 647/778/823 648/779/824 668/800/844 667/799/843
f 648/779/824 649/780/825 669/801/845 668/800/844
f 649/780/825 650/781/826 670/802/846 669/801/845
f 650/781/826 631/782/808 651/803/828 670/802/846
f 651/783/828 652/784/827 672/805/847 671/804/848
f 652/784/827 653/785/829 673/806/849 672/805/847
f 653/785/829 654/786/830 674/807/850 673/806/849
f 654/786/830 655/787/831 675/808/851 674/807/850
f 655/787/831 656/788/832 676/809/852 675/808/851
f 656/788/832 657/789/833 677/810/853 676/809/852
f 657/789/833 658/790/834 678/811/854 677/810/853
f 658/790/834 659/791/835 679/812/855 678/811/854
f 659/791/835 660/792/836 680/813/856 679/812/855
f 660/792/836 661/793/837 681/814/857 680/813/856
f 661/793/837 662/794/838 682/815/858 681/814/857
f 662/794/838 663/795/839 683/816/859 682/815/858
f 663/795/839 664/796/840 684/817/860 683/816/859
f 664/796/840 665/797/841 685/818/861 684/817/860
f 665/797/841 666/798/842 686/819/862 685/818/861
f 666/798/842 667/799/843 687/820/863 686/819/862
f 667/799/843 668/800/844 688/821/864 687/820/863
f 668/800/844 669/801/845 689/822/865 688/821/864
f 669/801/845 670/802/846 690/823/866 689/822/865
f 670/802/846 651/803/828 671/824/848 690/823/866
f 671/804/848 672/805/847 692/826/867 691/825/868
f 672/805/847 673/806/849 693/827/869 692/826/867
f 673/806/849 674/807/850 694/828/870 693/827/869
f 674/807/850 675/808/851 695/829/871 694/828/870
f 675/808/851 676/809/852 696/830/872 695/829/871
f 676/809/852 677/810/853 697/831/873 696/830/872
f 677/810/853 678/811/854 698/832/874 697/831/873
f 678/811/854 679/812/855 699/833/875 698/832/874
f 679/812/855 680/813/856 700/834/876 699/833/875
f 680/813/856 681/814/857 701/835/877 700/834/876
f 681/814/857 682/815/858 702/836/878 701/835/877
f 682/815/858 683/816/859 703/837/879 702/836/878
f 683/816/859 684/817/860 704/838/880 703/837/879
f 684/817/860 685/818/861 705/839/881 704/838/880
f 685/818/861 686/819/862 706/840/882 705/839/881
f 686/819/862 687/820/863 707/841/883 706/840/882
f 687/820/863 688/821/864 708/842/884 707/841/883
f 688/821/864 689/822/865 709/843/885 708/842/884
f 689/822/865 690/823/866 710/844/886 709/843/885
f 690/823/866 671/824/848 691/845/868 710/844/886
f 691/825/868 692/826/867 712/847/887 711/846/888
f 692/826/867 693/827/869 713/848/889 712/847/887
f 693/827/869 694/828/870 714/849/890 713/848/889
f 694/828/870 695/829/871 715/850/891 714/849/890
f 695/829/871 696/830/872 716/851/892 715/850/891
f 696/830/872 697/831/873 717/852/893 716/851/892
f 697/831/873 698/832/874 718/853/894 717/852/893
f 698/832/874 699/833/875 719/854/895 718/853/894
f 699/833/875 700/834/876 720/855/896 719/854/895
f 700/834/876 701/835/877 721/856/897 720/855/896
f 701/835/877 702/836/878 722/857/898 721/856/897
f 702/836/878 703/837/879 723/858/899 722/857/898
f 703/837/879 704/838/880 724/859/900 723/858/899
f 704/838/880 705/839/881 725/860/901 724/859/900
f 705/839/881 706/840/882 726/861/902 725/860/901
f 706/840/882 707/841/883 727/862/903 726/861/902
f 707/841/883 708/842/884 728/863/904 727/862/903
f 708/842/884 709/843/885 729/864/905 728/863/904
f 709/843/885 710/844/886 730/865/906 729/864/905
f 710/844/886 691/845/868 711/866/888 730/865/906
f 711/846/888 712/847/887 732/868/907 731/867/908
f 712/847/887 713/848/889 733/869/909 732/868/907
f 713/848/889 714/849/890 734/870/910 733/869/909
f 714/849/890 715/850/891 735/871/911 734/870/910
f 715/850/891 716/851/892 736/872/912 735/871/911
f 716/851/892 717/852/893 737/873/913 736/872/912
f 717/852/893 718/853/894 738/874/914 737/873/913
f 718/853/894 719/854/895 739/875/915 738/874/914
f 719/854/895 720/855/896 740/876/916 739/875/915
f 720/855/896 721/856/897 741/877/917 740/876/916
f 721/856/897 722/857/898 742/878/918 741/877/917
f 722/857/898 723/858/899 743/879/919 742/878/918
f 723/858/899 724/859/900 744/880/920 743/879/919
f 724/859/900 725/860/901 745/881/921 744/880/920
f 725/860/901 726/861/902 746/882/922 745/881/921
f 726/861/902 727/862/903 747/883/923 746/882/922
f 727/862/903 728/863/904 748/884/924 747/883/923
f 728/863/904 729/864/905 749/885/925 748/884/924
f 729/864/905 730/865/906 750/886/926 749/885/925
f 730/865/906 711/866/888 731/887/908 750/886/926
f 731/867/908 732/868/907 752/889/927 751/888/928
f 732/868/907 733/869/909 753/890/929 752/889/927
f 733/869/909 734/870/910 754/891/930 753/890/929
f 734/870/910 735/871/911 755/892/931 754/891/930
f 735/871/911 736/872/912 756/893/932 755/892/931
f 736/872/912 737/873/913 757/894/933 756/893/932
f 737/873/913 738/874/914 758/895/934 757/894/933
f 738/874/914 739/875/915 759/896/935 758/895/934
f 739/875/915 740/876/916 760/897/936 759/896/935
f 740/876/916 741/877/917 761/898/937 760/897/936
f 741/877/917 742/878/918 762/899/938 761/898/937
f 742/878/918 743/879/919 763/900/939 762/899/938
f 743/879/919 744/880/920 764/901/940 763/900/939
f 744/880/920 745/881/921 765/902/941 764/901/940
f 745/881/921 746/882/922 766/903/942 765/902/941
f 746/882/922 747/883/923 767/904/943 766/903/942
f 747/883/923 748/884/924 768/905/944 767/904/943
f 748/884/924 749/885/925 769/906/945 768/905/944
f 749/885/925 750/886/926 770/907/946 769/906/945
f 750/886/926 731/887/908 751/908/928 770/907/946
f 751/888/928 752/889/927 772/910/947 771/909/948
f 752/889/927 753/890/929 773/911/949 772/910/947
f 753/890/929 754/891/930 774/912/950 773/911/949
f 754/891/930 755/892/931 775/913/951 774/912/950
f 755/892/931 756/893/932 776/914/952 775/913/951
f 756/893/932 757/894/933 777/915/953 776/914/952
f 757/894/933 758/895/934 778/916/954 777/915/953
f 758/895/934 759/896/935 779/917/955 778/916/954
f 759/896/935 760/897/936 780/918/956 779/917/955
f 760/897/936 761/898/937 781/919/957 780/918/956
f 761/898/937 762/899/938 782/920/958 781/919/957
f 762/899/938 763/900/939 783/921/959 782/920/958
f 763/900/939 764/901/940 784/922/960 783/921/959
f 764/901/940 765/902/941 785/923/961 784/922/960
f 765/902/941 766/903/942 786/924/962 785/923/961
f 766/903/942 767/904/943 787/925/963 786/924/962
f 767/904/943 768/905/944 788/926/964 787/925/963
f 768/905/944 769/906/945 789/927/965 788/926/964
f 769/906/945 770/907/946 790/928/966 789/927/965
f 770/907/946 751/908/928 771/929/948 790/928/966
f 771/909/948 772/910/947 792/931/967 791/930/968
f 772/910/947 773/911/949 793/932/969 792/931/967
f 773/911/949 774/912/950 794/933/970 793/932/969
f 774/912/950 775/913/951 795/934/971 794/933/970
f 775/913/951 776/914/952 796/935/972 795/934/971
f 776/914/952 777/915/953 797/936/973 796/935/972
f 777/915/953 778/916/954 798/937/974 797/936/973
f 778/916/954 779/917/955 799/938/975 798/937/974
f 779/917/955 780/918/956 800/939/976 799/938/975
f 780/918/956 781/919/957 801/940/977 800/939/976
f 781/919/957 782/920/958 802/941/978 801/940/977
f 782/920/958 783/921/959 803/942/979 802/941/978
f 783/921/959 784/922/960 804/943/980 803/942/979
f 784/922/960 785/923/961 805/944/981 804/943/980
f 785/923/961 786/924/962 806/945/982 805/944/981
f 786/924/962 787/925/963 807/946/983 806/945/982
f 787/925/963 788/926/964 808/947/984 807/946/983
f 788/926/964 789/927/965 809/948/985 808/947/984
f 789/927/965 790/928/966 810/949/986 809/948/985
f 790/928/966 771/929/948 791/950/968 810/949/986
f 791/930/968 792/931/967 812/952/987 811/951/988
f 792/931/967 793/932/969 813/953/989 812/952/987
f 793/932/969 794/933/970 814/954/990 813/953/989
f 794/933/970 795/934/971 815/955/991 814/954/990
f 795/934/971 796/935/972 816/956/992 815/955/991
f 796/935/972 797/936/973 817/957/993 816/956/992
f 797/936/973 798/937/974 818/958/994 817/957/993
f 798/937/974 799/938/975 819/959/995 818/958/994
f 799/938/975 800/939/976 820/960/996 819/959/995
f 800/939/976 801/940/977 821/961/997 820/960/996
f 801/940/977 802/941/978 822/962/998 821/961/997
f 802/941/978 803/942/979 823/963/999 822/962/998
f 803/942/979 804/943/980 824/964/1000 823/963/999
f 804/943/980 805/944/981 825/965/1001 824/964/1000
f 805/944/981 806/945/982 826/966/1002 825/965/1001
f 806/945/982 807/946/983 827/967/1003 826/966/1002
f 807/946/983 808/947/984 828/968/1004 827/967/1003
f 808/947/984 809/948/985 829/969/1005 828/968/1004
f 809/948/985 810/949/986 830/970/1006 829/969/1005
f 810/949/986 791/950/968 811/971/988 830/970/1006
f 811/951/988 812/952/987 832/973/1007 831/972/1008
f 812/952/987 813/953/989 833/974/1009 832/973/1007
f 813/953/989 814/954/990 834/975/1010 833/974/1009
f 814/954/990 815/955/991 835/976/1011 834/975/1010
f 815/955/991 816/956/992 836/977/1012 835/976/1011
f 816/956/992 817/957/993 837/978/1013 836/977/1012
f 817/957/993 818/958/994 838/979/1014 837/978/1013
f 818/958/994 819/959/995 839/980/1015 838/979/1014
f 819/959/995 820/960/996 840/981/1016 839/980/1015
f 820/960/996 821/961/997 841/982/1017 840/981/1016
f 821/961/997 822/962/998 842/983/1018 841/982/1017
f 822/962/998 823/963/999 843/984/1019 842/983/1018
f 823/963/999 824/964/1000 844/985/1020 843/984/1019
f 824/964/1000 825/965/1001 845/986/1021 844/985/1020
f 825/965/1001 826/966/1002 846/987/1022 845/986/1021
f 826/966/1002 827/967/1003 847/988/1023 846/987/1022
f 827/967/1003 828/968/1004 848/989/1024 847/988/1023
f 828/968/1004 829/969/1005 849/990/1025 848/989/1024
f 829/969/1005 830/970/1006 850/991/1026 849/990/1025
f 830/970/1006 811/971/988 831/992/1008 850/991/1026
f 472/595/648 471/594/647 851/993/1027
f 473/596/651 472/595/648 851/994/1027
f 474/597/653 473/596/651 851/995/1027
f 475/598/655 474/597/653 851/996/1027
f 476/599/657 475/598/655 851/997/1027
f 477/600/659 476/599/657 851/998/1027
f 478/601/661 477/600/659 851/999/1027
f 479/602/663 478/601/661 851/1000/1027
f 480/603/665 479/602/663 851/1001/1027
f 481/604/667 480/603/665 851/1002/1027
f 482/605/669 481/604/667 851/1003/1027
f 483/606/671 482/605/669 851/1004/1027
f 484/607/673 483/606/671 851/1005/1027
f 485/608/675 484/607/673 851/1006/1027
f 486/609/677 485/608/675 851/1007/1027
f 487/610/679 486/609/677 851/1008/1027
f 488/611/681 487/610/679 851/1009/1027
f 489/612/683 488/611/681 851/1010/1027
f 490/613/685 489/612/683 851/1011/1027
f 471/614/647 490/613/685 851/1012/1027
f 831/972/1008 832/973/1007 852/1013/1028
f 832/973/1007 833/974/1009 852/1014/1028
f 833/974/1009 834/975/1010 852/1015/1028
f 834/975/1010 835/976/1011 852/1016/1028
f 835/976/1011 836/977/1012 852/1017/1028
f 836/977/1012 837/978/1013 852/1018/1028
f 837/978/1013 838/979/1014 852/1019/1028
f 838/979/1014 839/980/1015 852/1020/1028
f 839/980/1015 840/981/1016 852/1021/1028
f 840/981/1016 841/982/1017 852/1022/1028
f 841/982/1017 842/983/1018 852/1023/1028
f 842/983/1018 843/984/1019 852/1024/1028
f 843/984/1019 844/985/1020 852/1025/1028
f 844/985/1020 845/986/1021 852/1026/1028
f 845/986/1021 846/987/1022 852/1027/1028
f 846/987/1022 847/988/1023 852/1028/1028
f 847/988/1023 848/989/1024 852/1029/1028
f 848/989/1024 849/990/1025 852/1030/1028
f 849/990/1025 850/991/1026 852/1031/1028
f 850/991/1026 831/992/1008 852/1032/1028
